id,name,imageUrl,cookTimeMin,difficulty,servings,caloriesEst,steps,tags,requiredTools,source,isActive
"bf43592b-b989-5485-ab6e-29e311cc0b6d","된장찌개",,"10","NORMAL","2","180","[""쌀뜨물이나 물에 된장을 체에 걸러 풀고 중불로 끓인다."",""애호박을 반달 모양으로 썰어 넣고 5분간 끓인다."",""두부를 깍둑썰기 해서 넣고 3분 더 끓인다."",""어슷 썬 대파를 넣고 한소끔 끓인 뒤 간을 맞춰 마무리한다.""]","[""한식"",""집밥""]","[""냄비""]","NaengPago Seed v1","true"
"4eee5d6c-aa04-5488-ac59-a2fea88590db","김치찌개",,"15","EASY","2","250","[""돼지고기를 한입 크기로 썰어 냄비에 넣고 중불에서 겉면을 볶는다."",""잘 익은 김치를 썰어 넣고 함께 5분간 볶아 감칠맛을 낸다."",""물을 자작하게 붓고 뚜껑을 덮어 15분간 끓인다."",""두부를 도톰하게 썰어 넣고 5분 더 끓인다."",""어슷 썬 대파를 올리고 간을 맞춰 마무리한다.""]","[""집밥""]","[""냄비""]","NaengPago Seed v1","true"
"e64cd3c8-6bfb-528c-a57f-1081a5d09b54","순두부찌개",,"20","EASY","2","200","[""달군 냄비에 고춧가루와 기름을 넣고 약불에서 볶아 고추기름을 낸다."",""물을 붓고 끓으면 순두부를 큼직하게 떠 넣는다."",""중불에서 5분간 끓여 간을 맞춘다."",""달걀을 깨 넣고 반숙으로 익힌다."",""어슷 썬 대파를 올려 마무리한다.""]","[""집밥""]","[""냄비""]","NaengPago Seed v1","true"
"f302e76e-2b74-57b2-a6b9-347e252b0356","부대찌개",,"25","EASY","2","350","[""햄과 소시지를 먹기 좋게 썰고 김치는 한입 크기로 썬다."",""냄비에 김치, 햄, 소시지, 두부를 보기 좋게 담는다."",""육수를 재료가 잠기도록 붓고 센 불에서 끓인다."",""끓어오르면 중불로 줄여 10분간 끓여 재료를 익힌다."",""간을 확인하고 부족하면 소금으로 맞춰 마무리한다.""]","[""한식"",""집밥""]","[""냄비""]","NaengPago Seed v1","true"
"28c531f4-856c-55c8-ab94-825a58ee741a","미역국",,"30","EASY","2","120","[""불린 미역을 먹기 좋은 길이로 자른다."",""냄비에 참기름을 두르고 소고기와 미역을 넣어 중불에서 볶는다."",""물을 붓고 센 불에서 끓이다가 끓어오르면 중약불로 줄인다."",""뚜껑을 덮고 20분간 끓여 미역을 부드럽게 익힌다."",""국간장으로 간을 맞춰 마무리한다.""]","[""집밥""]","[""냄비""]","NaengPago Seed v1","true"
"e8eb6078-d9cb-52b0-a38d-8e0a6fa85703","소고기무국",,"35","EASY","2","150","[""무를 나박하게 썰고 소고기는 한입 크기로 썬다."",""냄비에 소고기와 무를 넣고 중불에서 볶는다."",""물을 붓고 센 불에서 끓이다가 거품을 걷어낸다."",""중불로 줄여 무가 투명해질 때까지 15분간 끓인다."",""국간장으로 간하고 어슷 썬 대파를 넣어 마무리한다.""]","[""집밥""]","[""냄비""]","NaengPago Seed v1","true"
"47d47c65-02f8-5493-a599-848e439f3167","북엇국",,"40","EASY","2","140","[""북어채를 물에 살짝 불려 물기를 짠다."",""냄비에 참기름을 두르고 북어와 채 썬 무를 볶는다."",""물을 붓고 중불에서 10분간 끓여 뽀얀 국물을 낸다."",""풀어둔 달걀을 돌려 넣고 저어 익힌다."",""어슷 썬 대파를 넣고 소금으로 간해 마무리한다.""]","[""한식"",""집밥""]","[""냄비""]","NaengPago Seed v1","true"
"91716fd3-12e2-5178-ab84-acf6fa3be4c6","콩나물국",,"10","EASY","2","60","[""콩나물을 깨끗이 씻어 꼬리를 다듬는다."",""냄비에 물과 콩나물을 넣고 뚜껑을 덮어 센 불에서 끓인다."",""끓기 시작하면 뚜껑을 열지 않고 5분간 더 끓인다."",""다진 마늘을 넣고 소금으로 간을 맞춘다."",""어슷 썬 대파를 올려 마무리한다.""]","[""집밥""]","[""냄비""]","NaengPago Seed v1","true"
"bc9adc24-821d-5558-a35f-c0a8bb4a28ea","계란국",,"15","EASY","2","90","[""냄비에 물을 붓고 국간장으로 간을 맞춰 끓인다."",""달걀을 곱게 풀어 준비한다."",""국물이 끓으면 달걀물을 가늘게 돌려 넣는다."",""젓지 않고 잠시 두었다가 부드럽게 저어 익힌다."",""어슷 썬 대파를 올려 마무리한다.""]","[""집밥""]","[""냄비""]","NaengPago Seed v1","true"
"616adc37-8a9b-5936-ae16-887c5ebb8d5b","떡국",,"20","NORMAL","2","350","[""떡국떡을 찬물에 30분간 담가 불린다."",""육수를 끓이고 불린 떡을 넣는다."",""떡이 떠오를 때까지 중불에서 5분간 끓인다."",""풀어둔 달걀을 돌려 넣어 익힌다."",""어슷 썬 대파를 넣고 그릇에 담아 김가루를 올려 마무리한다.""]","[""한식"",""집밥""]","[""냄비""]","NaengPago Seed v1","true"
"8cbd7be7-cf23-5ef3-afd4-1105e2765c3d","제육볶음",,"25","EASY","2","400","[""고추장, 고춧가루, 간장, 설탕으로 양념장을 만든다."",""돼지고기에 양념장을 넣고 20분간 재운다."",""달군 팬에 재운 고기를 넣고 센 불에서 볶는다."",""고기가 익으면 채 썬 양파를 넣고 함께 볶는다."",""어슷 썬 대파를 넣고 살짝 더 볶아 마무리한다.""]","[""집밥""]","[""프라이팬""]","NaengPago Seed v1","true"
"55fdd92b-7a41-5718-a08f-2ba6ee038e58","소불고기",,"30","EASY","2","350","[""간장, 설탕, 다진 마늘, 참기름으로 양념장을 만든다."",""얇게 썬 소고기를 양념장에 30분간 재운다."",""채 썬 양파를 양념 고기에 섞는다."",""달군 팬에 고기를 펼쳐 센 불에서 볶는다."",""고기가 익으면 어슷 썬 대파를 넣고 살짝 볶아 마무리한다.""]","[""집밥""]","[""냄비""]","NaengPago Seed v1","true"
"1faa32f2-08d1-5613-ae20-679a2c0c9c0f","닭볶음탕",,"35","EASY","2","450","[""닭고기를 끓는 물에 살짝 데쳐 기름기를 뺀다."",""고추장, 고춧가루, 간장으로 양념장을 만든다."",""냄비에 닭과 양념장, 물을 넣고 센 불에서 끓인다."",""감자와 당근을 큼직하게 썰어 넣는다."",""중불로 줄여 국물이 자작해질 때까지 25분간 조린다.""]","[""한식"",""집밥""]","[""프라이팬""]","NaengPago Seed v1","true"
"5f5f8f80-0a45-5917-a8d3-a8c03ad58120","찜닭",,"40","EASY","2","500","[""당면을 미지근한 물에 30분간 불린다."",""닭고기를 데쳐 기름기를 제거한다."",""간장, 설탕, 물로 양념을 만들어 닭과 함께 끓인다."",""감자를 큼직하게 썰어 넣고 15분간 조린다."",""불린 당면을 넣고 국물이 배도록 5분 더 익혀 마무리한다.""]","[""집밥""]","[""냄비""]","NaengPago Seed v1","true"
"71d1e68e-60c9-5adc-a496-a8797b5b44fb","오징어볶음",,"10","EASY","2","300","[""오징어를 손질해 먹기 좋은 크기로 칼집을 넣어 썬다."",""고추장, 고춧가루, 간장으로 양념장을 만든다."",""달군 팬에 채 썬 양파를 센 불에서 볶는다."",""오징어와 양념장을 넣고 빠르게 볶는다."",""오징어가 익으면 어슷 썬 대파를 넣고 마무리한다.""]","[""집밥""]","[""프라이팬""]","NaengPago Seed v1","true"
"574697b3-7bd3-51f7-a2c8-d36d60a4d13f","낙지볶음",,"15","EASY","2","280","[""낙지를 밀가루로 주물러 씻어 물기를 뺀다."",""고춧가루, 고추장, 간장으로 매운 양념장을 만든다."",""달군 팬에 양파를 볶다가 낙지를 넣는다."",""양념장을 넣고 센 불에서 빠르게 볶는다."",""어슷 썬 대파를 넣고 낙지가 질겨지지 않게 바로 마무리한다.""]","[""한식"",""집밥""]","[""프라이팬""]","NaengPago Seed v1","true"
"6a781155-f510-573e-a53f-a2a1dfcd95b2","두부조림",,"20","EASY","2","220","[""두부를 도톰하게 썰어 소금을 뿌리고 물기를 뺀다."",""팬에 기름을 두르고 두부를 노릇하게 지진다."",""간장, 고춧가루, 다진 마늘로 양념장을 만든다."",""두부에 양념장과 물을 붓고 중약불에서 조린다."",""국물이 자작해지면 어슷 썬 대파를 올려 마무리한다.""]","[""집밥""]","[""냄비""]","NaengPago Seed v1","true"
"89017298-4e7a-5b0b-aa46-74bfacc3c95d","감자조림",,"25","EASY","2","200","[""감자를 한입 크기로 썰어 찬물에 헹궈 전분을 뺀다."",""팬에 감자와 간장, 물을 넣고 중불에서 끓인다."",""감자가 절반쯤 익으면 올리고당을 넣는다."",""국물이 졸아들 때까지 조리며 윤기를 낸다."",""깨를 뿌려 마무리한다.""]","[""집밥""]","[""냄비""]","NaengPago Seed v1","true"
"f8ec7372-3bd3-586b-af7d-f96ac3dd2d61","연근조림",,"30","NORMAL","2","180","[""연근을 껍질을 벗겨 얇게 썰고 식초물에 담근다."",""끓는 물에 연근을 살짝 데쳐 아린 맛을 뺀다."",""팬에 연근과 간장, 물을 넣고 중불에서 조린다."",""국물이 반쯤 졸면 올리고당을 넣어 윤기를 낸다."",""깨를 뿌려 마무리한다.""]","[""한식"",""집밥""]","[""냄비""]","NaengPago Seed v1","true"
"0026ba35-cdd1-5075-af97-c42aefefdf0b","소고기장조림",,"35","EASY","2","250","[""소고기를 덩어리째 끓는 물에 삶아 결대로 찢는다."",""달걀은 삶아 껍질을 벗겨 준비한다."",""냄비에 고기, 간장, 물, 마늘을 넣고 중불에서 끓인다."",""삶은 달걀을 넣고 국물이 배도록 15분간 조린다."",""간을 확인하고 식혀 보관한다.""]","[""집밥""]","[""냄비""]","NaengPago Seed v1","true"
"90c976bf-e0fd-5dbc-a37a-1353c31c787b","김치볶음밥",,"40","EASY","2","500","[""김치를 잘게 썰고 대파는 송송 썬다."",""달군 팬에 기름을 두르고 대파를 볶아 파기름을 낸다."",""김치를 넣고 신맛이 날아가도록 볶는다."",""밥을 넣고 김치와 고루 섞어 볶는다."",""접시에 담고 달걀프라이를 올려 마무리한다.""]","[""집밥""]","[""프라이팬""]","NaengPago Seed v1","true"
"522ef4de-9267-57a5-a5d7-bb8607591741","새우볶음밥",,"10","EASY","2","480","[""새우는 손질해 물기를 빼고 대파는 송송 썬다."",""달군 팬에 기름을 두르고 달걀을 스크램블한다."",""새우를 넣고 붉게 익도록 볶는다."",""밥과 대파를 넣고 센 불에서 고슬하게 볶는다."",""소금과 후추로 간해 마무리한다.""]","[""한식"",""집밥""]","[""프라이팬""]","NaengPago Seed v1","true"
"fc769196-2ac9-5391-a21a-69e1da3a6411","계란볶음밥",,"15","EASY","2","450","[""대파를 송송 썰고 달걀은 풀어 준비한다."",""달군 팬에 기름을 두르고 대파를 볶아 향을 낸다."",""달걀물을 넣고 반쯤 익으면 밥을 넣는다."",""간장을 팬 가장자리에 둘러 볶는다."",""고슬고슬하게 볶아 마무리한다.""]","[""집밥""]","[""프라이팬""]","NaengPago Seed v1","true"
"c0990a6a-abee-5923-a2c8-7f9ca8d7a41e","비빔밥",,"20","EASY","2","500","[""콩나물과 시금치를 각각 데쳐 참기름과 소금으로 무친다."",""그릇에 따뜻한 밥을 담는다."",""준비한 나물을 색색이 보기 좋게 올린다."",""고추장을 얹고 참기름을 두른다."",""먹기 직전에 고루 비벼 낸다.""]","[""집밥""]","[""냄비""]","NaengPago Seed v1","true"
"13847809-2658-54bc-a29f-e772a9e7f199","콩나물밥",,"25","EASY","2","400","[""쌀을 씻어 30분간 불린다."",""냄비에 불린 쌀과 콩나물을 안치고 물을 밥물보다 적게 붓는다."",""센 불에서 끓이다가 약불로 줄여 뜸을 들인다."",""간장, 참기름, 다진 파로 양념장을 만든다."",""밥을 고루 섞어 그릇에 담고 양념장을 곁들인다.""]","[""한식"",""집밥""]","[""냄비""]","NaengPago Seed v1","true"
"8b4ec4fd-3ba3-5af8-ae94-ea3f56b1f859","참치주먹밥",,"30","EASY","2","420","[""참치캔의 기름을 따라내고 마요네즈와 버무린다."",""따뜻한 밥에 참치와 소금, 참기름을 넣고 섞는다."",""한입 크기로 동그랗게 뭉친다."",""김가루를 겉에 골고루 묻힌다."",""접시에 담아낸다.""]","[""집밥""]","[""냄비""]","NaengPago Seed v1","true"
"415aa7c5-2a17-5047-a458-671b536a9fe7","카레라이스",,"35","EASY","2","550","[""감자, 당근, 양파를 한입 크기로 썬다."",""팬에 기름을 두르고 채소를 중불에서 볶는다."",""물을 붓고 채소가 익을 때까지 끓인다."",""불을 줄이고 카레가루를 풀어 저으며 걸쭉하게 끓인다."",""밥 위에 카레를 부어 낸다.""]","[""집밥""]","[""냄비""]","NaengPago Seed v1","true"
"e172756c-9462-509a-a323-516fab4f31c6","짜장밥",,"40","NORMAL","2","600","[""돼지고기와 양파를 잘게 썬다."",""팬에 기름을 두르고 고기를 볶다가 양파를 넣는다."",""짜장소스를 넣고 함께 볶는다."",""물을 조금 넣고 전분물로 농도를 맞춰 끓인다."",""밥 위에 짜장을 부어 낸다.""]","[""한식"",""집밥""]","[""냄비""]","NaengPago Seed v1","true"
"9cf2dcac-d37e-520a-a909-4d824c1ecece","오므라이스",,"10","EASY","2","520","[""양파를 잘게 썰어 팬에 볶는다."",""밥과 케첩을 넣고 볶아 볶음밥을 만든다."",""달걀을 곱게 풀어 팬에 얇게 부친다."",""지단 위에 볶음밥을 올려 감싼다."",""접시에 담고 케첩으로 장식해 마무리한다.""]","[""집밥""]","[""냄비""]","NaengPago Seed v1","true"
"4896ad54-0c5e-5309-af6b-4d0907792e00","참치마요덮밥",,"15","EASY","2","550","[""참치캔의 기름을 따라내 준비한다."",""참치에 마요네즈를 넣고 버무린다."",""그릇에 따뜻한 밥을 담는다."",""밥 위에 참치마요를 올린다."",""김가루를 뿌려 마무리한다.""]","[""집밥""]","[""냄비""]","NaengPago Seed v1","true"
"bb5473a3-0885-52b5-ac93-cb2e24de3231","잔치국수",,"20","EASY","2","400","[""멸치와 다시마로 육수를 우려낸다."",""달걀은 지단을 부쳐 채 썰고 대파는 송송 썬다."",""소면을 끓는 물에 삶아 찬물에 헹군다."",""그릇에 소면을 담고 뜨거운 육수를 붓는다."",""지단, 대파, 김가루를 올려 마무리한다.""]","[""한식"",""집밥""]","[""냄비""]","NaengPago Seed v1","true"
"e6c92875-8418-5d34-a0cd-6e682a297924","비빔국수",,"25","EASY","2","450","[""고추장, 고춧가루, 식초, 설탕으로 양념장을 만든다."",""오이는 채 썰고 김치는 잘게 썬다."",""소면을 삶아 찬물에 헹궈 물기를 뺀다."",""소면에 양념장을 넣고 고루 무친다."",""오이와 김치를 올리고 참기름을 둘러 마무리한다.""]","[""집밥""]","[""냄비""]","NaengPago Seed v1","true"
"708b99fb-5464-5c07-a0d5-e2a8455806eb","칼국수",,"30","EASY","2","430","[""멸치와 다시마로 육수를 낸다."",""감자와 애호박을 채 썰어 준비한다."",""육수에 감자를 넣고 끓인다."",""칼국수면을 넣고 애호박과 함께 익힌다."",""어슷 썬 대파를 넣고 간을 맞춰 마무리한다.""]","[""집밥""]","[""냄비""]","NaengPago Seed v1","true"
"fae53160-f269-577f-ae6c-7accd5310304","수제비",,"35","EASY","2","400","[""밀가루 반죽을 미리 치대 냉장 숙성한다."",""멸치 육수를 끓이고 감자를 넣는다."",""반죽을 얇게 떼어 끓는 육수에 넣는다."",""수제비가 떠오르면 애호박을 넣고 익힌다."",""어슷 썬 대파를 넣고 간해 마무리한다.""]","[""한식"",""집밥""]","[""냄비""]","NaengPago Seed v1","true"
"66c70c9c-d6db-5265-aa5f-b4dfc4f9af20","물냉면",,"40","EASY","2","450","[""육수를 차갑게 준비하고 무는 얇게 절여둔다."",""오이는 채 썰고 달걀은 삶아 반으로 자른다."",""냉면을 삶아 찬물에 여러 번 헹궈 사린다."",""그릇에 면을 담고 차가운 육수를 붓는다."",""오이, 무, 삶은 달걀을 올려 마무리한다.""]","[""집밥""]","[""냄비""]","NaengPago Seed v1","true"
"99b72307-f98a-588c-a067-cb13522ba956","라볶이",,"10","EASY","2","600","[""떡을 물에 불리고 어묵은 먹기 좋게 썬다."",""냄비에 물과 고추장, 고춧가루를 풀어 끓인다."",""떡과 어묵을 넣고 중불에서 끓인다."",""떡이 말랑해지면 라면을 넣는다."",""국물이 걸쭉해질 때까지 끓여 마무리한다.""]","[""집밥""]","[""냄비""]","NaengPago Seed v1","true"
"066e5aa8-9120-52ed-a05c-05a3e3520157","떡볶이",,"15","NORMAL","2","500","[""떡을 미지근한 물에 불린다."",""냄비에 물, 고추장, 고춧가루, 설탕을 넣고 끓인다."",""떡과 어묵을 넣고 중불에서 끓인다."",""국물이 걸쭉해질 때까지 저으며 조린다."",""어슷 썬 대파를 넣고 마무리한다.""]","[""한식"",""집밥""]","[""냄비""]","NaengPago Seed v1","true"
"1f6fab08-1427-54d8-a268-edc0fd18e0d2","김치말이국수",,"20","EASY","2","380","[""김치를 잘게 썰어 국물과 함께 준비한다."",""차가운 육수에 김치국물과 식초, 설탕을 넣어 새콤하게 만든다."",""소면을 삶아 찬물에 헹군다."",""그릇에 면을 담고 차가운 김치육수를 붓는다."",""썬 김치와 채 썬 오이를 올려 마무리한다.""]","[""집밥""]","[""냄비""]","NaengPago Seed v1","true"
"6c01b93a-8a23-5fe3-a8be-0d80f7dd8294","들깨칼국수",,"25","EASY","2","470","[""멸치 육수를 끓이고 버섯을 썰어 넣는다."",""칼국수면을 넣고 중불에서 익힌다."",""들깨가루를 물에 개어 국물에 푼다."",""눌어붙지 않게 저으며 걸쭉하게 끓인다."",""어슷 썬 대파를 넣고 소금으로 간해 마무리한다.""]","[""집밥""]","[""냄비""]","NaengPago Seed v1","true"
"f23c10c2-0052-5b09-a60b-9e0a89d04b8b","유부우동",,"30","EASY","2","420","[""가쓰오 육수를 끓이고 간장으로 간을 맞춘다."",""유부는 뜨거운 물에 데쳐 기름기를 뺀다."",""우동면을 데쳐 그릇에 담는다."",""뜨거운 육수를 붓고 유부를 올린다."",""어슷 썬 대파를 올려 마무리한다.""]","[""한식"",""집밥""]","[""냄비""]","NaengPago Seed v1","true"
"24c8968b-f499-58a1-ad77-49f6437d7e39","계란말이",,"35","EASY","2","200","[""당근과 대파를 곱게 다진다."",""달걀을 풀어 다진 채소와 소금을 넣고 섞는다."",""약불로 팬을 달구고 기름을 얇게 두른다."",""달걀물을 나눠 부으며 돌돌 말아준다."",""한 김 식힌 뒤 먹기 좋게 썰어낸다.""]","[""집밥""]","[""냄비""]","NaengPago Seed v1","true"
"8333ab23-8908-5ff6-ade6-1f18f6d018ba","계란찜",,"40","EASY","2","150","[""달걀을 곱게 풀고 물을 넣어 섞는다."",""체에 걸러 소금으로 간한다."",""뚝배기에 달걀물을 붓고 약불에 올린다."",""저으며 몽글하게 익힌다."",""송송 썬 대파를 올리고 뚜껑을 덮어 부풀려 마무리한다.""]","[""집밥""]","[""냄비""]","NaengPago Seed v1","true"
"7c0874f1-2657-54c8-a617-9ecc4d2d4fc9","김치전",,"10","EASY","2","350","[""김치를 잘게 썰어 국물과 함께 준비한다."",""부침가루와 물, 김치국물을 넣어 반죽을 만든다."",""썬 김치와 대파를 반죽에 섞는다."",""달군 팬에 기름을 두르고 반죽을 얇게 편다."",""중불에서 앞뒤로 노릇하게 부쳐낸다.""]","[""한식"",""집밥""]","[""프라이팬""]","NaengPago Seed v1","true"
"e59a3507-7e37-5e2d-a20a-1798c68c5777","부추전",,"15","EASY","2","330","[""부추를 씻어 물기를 빼고 반으로 자른다."",""부침가루에 물과 달걀을 넣어 반죽을 만든다."",""부추와 채 썬 양파를 반죽에 섞는다."",""달군 팬에 기름을 두르고 반죽을 펴 올린다."",""중불에서 앞뒤로 바삭하게 부쳐낸다.""]","[""집밥""]","[""프라이팬""]","NaengPago Seed v1","true"
"57f460a2-45d0-58c0-a1db-e00ba3d2bd8e","감자전",,"20","EASY","2","300","[""감자를 강판에 갈아 물기를 살짝 짜낸다."",""가라앉은 전분을 다시 섞고 소금으로 간한다."",""달군 팬에 식용유를 넉넉히 두른다."",""반죽을 한 국자씩 올려 동그랗게 편다."",""중불에서 가장자리가 바삭해질 때까지 앞뒤로 부친다.""]","[""집밥""]","[""프라이팬""]","NaengPago Seed v1","true"
"889ba59d-f2d2-560d-a1f7-e7fa39ba3155","해물파전",,"25","NORMAL","2","400","[""해물믹스를 해동해 물기를 빼고 쪽파는 씻어 다듬는다."",""부침가루에 물을 넣어 반죽을 만든다."",""달군 팬에 기름을 두르고 쪽파를 깔아 반죽을 붓는다."",""해물을 올리고 풀어둔 달걀을 끼얹는다."",""중불에서 앞뒤로 노릇하게 부쳐낸다.""]","[""한식"",""집밥""]","[""프라이팬""]","NaengPago Seed v1","true"
"26a2f3ca-8ac5-5491-a0a1-76e19a56d0f6","두부부침",,"30","EASY","2","180","[""두부를 도톰하게 썰어 키친타월로 물기를 뺀다."",""소금을 살짝 뿌려 밑간한다."",""달군 팬에 식용유를 두르고 두부를 올린다."",""중불에서 앞뒤로 노릇하게 지진다."",""간장에 다진 대파를 섞은 양념장을 곁들여 낸다.""]","[""집밥""]","[""프라이팬""]","NaengPago Seed v1","true"
"790c5236-628a-5fd8-a4e7-cd8b504724b8","애호박전",,"35","EASY","2","200","[""애호박을 동그랗게 썰어 소금을 뿌려둔다."",""물기를 닦고 밀가루를 앞뒤로 묻힌다."",""달걀을 풀어 애호박에 입힌다."",""달군 팬에 기름을 두르고 중약불에서 부친다."",""앞뒤로 노릇하게 익혀 마무리한다.""]","[""집밥""]","[""프라이팬""]","NaengPago Seed v1","true"
"b1baf81e-ef91-5fae-a307-a1a0c69dc1c6","고등어구이",,"40","EASY","2","250","[""고등어를 깨끗이 손질해 물기를 닦는다."",""양면에 소금을 고루 뿌려 15분간 둔다."",""달군 팬에 식용유를 두른다."",""껍질 쪽부터 중불에서 노릇하게 굽는다."",""뒤집어 속까지 익도록 구워 마무리한다.""]","[""한식"",""집밥""]","[""프라이팬""]","NaengPago Seed v1","true"
"3f90ae9a-98f7-5c2b-a4b0-fda756746e3a","삼치구이",,"10","EASY","2","230","[""삼치를 손질해 물기를 제거한다."",""소금을 뿌려 10분간 재운다."",""달군 팬에 식용유를 두른다."",""중불에서 앞뒤로 노릇하게 굽는다."",""속까지 익으면 접시에 담아낸다.""]","[""집밥""]","[""프라이팬""]","NaengPago Seed v1","true"
"95c219c9-baa2-56cf-a0f1-097f52fc659c","갈치조림",,"15","EASY","2","280","[""무를 도톰하게 썰어 냄비 바닥에 깐다."",""갈치를 토막 내어 무 위에 올린다."",""간장, 고춧가루, 다진 마늘로 양념장을 만든다."",""양념장과 물을 붓고 센 불에서 끓인다."",""중불로 줄여 국물을 끼얹으며 20분간 조린다.""]","[""집밥""]","[""냄비""]","NaengPago Seed v1","true"
"f0077e39-18f2-54e8-abf5-fa1c61814b8f","고등어조림",,"20","EASY","2","300","[""무를 도톰하게 썰어 냄비 바닥에 깐다."",""고등어를 토막 내어 무 위에 얹는다."",""간장, 고춧가루, 다진 마늘로 양념장을 만든다."",""양념장과 물을 붓고 센 불에서 끓인다."",""중불로 줄여 국물을 끼얹으며 20분간 조려 마무리한다.""]","[""한식"",""집밥""]","[""냄비""]","NaengPago Seed v1","true"
"ccca256b-f291-5429-a610-055c3968aa79","연어스테이크",,"25","EASY","2","350","[""연어의 물기를 닦고 소금, 후추로 밑간한다."",""팬에 올리브유를 두르고 센 불로 달군다."",""연어 껍질 쪽부터 올려 바삭하게 굽는다."",""뒤집어 속이 촉촉하게 익도록 굽는다."",""레몬즙을 뿌려 마무리한다.""]","[""집밥""]","[""냄비""]","NaengPago Seed v1","true"
"ef1f1e4b-5800-50f5-abef-98cb4bbf3366","닭가슴살구이",,"30","EASY","2","220","[""닭가슴살의 도톰한 부분은 저며 두께를 맞춘다."",""올리브유, 소금, 후추로 밑간해 재운다."",""팬을 달궈 올리브유를 두른다."",""중불에서 앞뒤로 노릇하게 굽는다."",""속까지 익으면 잠시 두었다가 썰어낸다.""]","[""집밥""]","[""프라이팬""]","NaengPago Seed v1","true"
"1d70ecfe-82d9-5456-a007-7da0978977e0","삼겹살구이",,"35","NORMAL","2","500","[""삼겹살을 먹기 좋은 크기로 썬다."",""달군 팬이나 불판에 삼겹살을 올린다."",""마늘을 함께 올려 굽는다."",""노릇하게 익도록 뒤집어가며 구워낸다."",""상추에 고기와 쌈장을 올려 싸 먹는다.""]","[""한식"",""집밥""]","[""프라이팬""]","NaengPago Seed v1","true"
"b81afbc8-1618-574e-a40b-71da66d1b591","보쌈",,"40","EASY","2","450","[""냄비에 물, 된장, 마늘, 대파를 넣고 끓인다."",""앞다리살 덩어리를 넣고 센 불에서 끓인다."",""중불로 줄여 40분간 삶아 속까지 익힌다."",""고기를 건져 한 김 식힌 뒤 썬다."",""삶은 배추와 함께 곁들여 낸다.""]","[""집밥""]","[""냄비""]","NaengPago Seed v1","true"
"2919ab53-469f-52ac-ac8c-78a2856e69bd","돼지불백",,"10","EASY","2","420","[""간장, 설탕, 다진 마늘, 참기름으로 양념장을 만든다."",""얇게 썬 돼지고기를 양념장에 재운다."",""채 썬 양파를 고기에 섞는다."",""달군 팬에 고기를 펴 센 불에서 볶는다."",""어슷 썬 대파를 넣고 살짝 볶아 마무리한다.""]","[""집밥""]","[""냄비""]","NaengPago Seed v1","true"
"7db4fcf1-cfe2-55a1-a35f-d23192d7df29","닭갈비",,"15","EASY","2","480","[""닭다리살을 먹기 좋게 썰어 고추장 양념에 재운다."",""양배추와 고구마를 큼직하게 썬다."",""달군 팬에 재운 닭과 채소를 넣는다."",""센 불에서 볶다가 뚜껑을 덮어 익힌다."",""고구마가 익으면 고루 볶아 마무리한다.""]","[""한식"",""집밥""]","[""냄비""]","NaengPago Seed v1","true"
"09de155a-8a8a-5c93-aeaa-5bf3948648de","닭강정",,"20","EASY","2","550","[""닭가슴살을 한입 크기로 썰어 밑간한다."",""튀김가루를 입혀 180도 기름에 튀긴다."",""한 번 식힌 뒤 다시 바삭하게 튀긴다."",""고추장, 올리고당, 케첩으로 소스를 끓인다."",""튀긴 닭을 소스에 버무려 마무리한다.""]","[""집밥""]","[""냄비""]","NaengPago Seed v1","true"
"e3db7d61-a1a3-55da-abc6-a9d366032ff4","잡채",,"25","EASY","2","450","[""당면을 미지근한 물에 30분간 불린다."",""소고기와 당근은 채 썰고 시금치는 데친다."",""당면을 삶아 간장, 설탕으로 밑간해 볶는다."",""각 재료를 따로 볶아 준비한다."",""볶은 재료와 당면을 한데 넣고 참기름과 깨로 버무린다.""]","[""집밥""]","[""냄비""]","NaengPago Seed v1","true"
"1ee3618d-f403-575a-aab1-f113f0cb3dbe","콩나물무침",,"30","EASY","2","80","[""콩나물을 끓는 물에 소금을 넣고 데친다."",""찬물에 헹구지 않고 물기를 뺀다."",""다진 대파, 마늘, 참기름을 넣는다."",""소금으로 간하고 조물조물 무친다."",""깨를 뿌려 마무리한다.""]","[""한식"",""집밥""]","[""냄비""]","NaengPago Seed v1","true"
"b1b193ef-5d12-5b94-a306-31753ed1cea7","시금치무침",,"35","EASY","2","90","[""시금치를 끓는 물에 살짝 데친다."",""찬물에 헹궈 물기를 꼭 짠다."",""국간장, 다진 마늘, 참기름을 넣는다."",""조물조물 무쳐 간이 배게 한다."",""깨를 뿌려 마무리한다.""]","[""집밥""]","[""냄비""]","NaengPago Seed v1","true"
"cdd50555-c364-5337-ae2b-b40a5143d85e","오이무침",,"40","EASY","2","70","[""오이를 얇게 썰어 소금에 살짝 절인다."",""물기를 꼭 짜낸다."",""고춧가루, 식초, 설탕, 다진 대파로 양념한다."",""오이에 양념을 넣고 무친다."",""깨를 뿌려 마무리한다.""]","[""집밥""]","[""냄비""]","NaengPago Seed v1","true"
"026c7e75-5ebf-5b7b-a76a-3d9f58f545e5","무생채",,"10","NORMAL","2","80","[""무를 곱게 채 썬다."",""고춧가루를 먼저 넣어 색을 낸다."",""식초, 설탕, 소금, 다진 대파로 양념한다."",""무에 양념을 넣고 살살 무친다."",""간을 확인하고 깨를 뿌려 마무리한다.""]","[""한식"",""집밥""]","[""냄비""]","NaengPago Seed v1","true"
"f0c8fdb5-96ed-580c-ae51-23bb077864af","가지볶음",,"15","EASY","2","120","[""가지를 길쭉하게 썰어 소금에 살짝 절인다."",""물기를 짜고 팬에 기름을 두른다."",""다진 마늘과 대파를 볶아 향을 낸다."",""가지를 넣고 센 불에서 빠르게 볶는다."",""간장으로 간하고 참기름을 둘러 마무리한다.""]","[""집밥""]","[""프라이팬""]","NaengPago Seed v1","true"
"a3f8027d-0ce3-5d5d-a93b-9ed1ff0c0071","애호박볶음",,"20","EASY","2","130","[""애호박을 반달 모양으로 썰고 새우는 손질한다."",""팬에 기름을 두르고 다진 대파를 볶는다."",""새우를 넣어 붉게 볶는다."",""애호박을 넣고 소금으로 간해 볶는다."",""참기름을 두르고 깨를 뿌려 마무리한다.""]","[""집밥""]","[""프라이팬""]","NaengPago Seed v1","true"
"822f1e06-adfb-53d7-a4bd-40b8bdc6b18e","멸치볶음",,"25","EASY","2","200","[""멸치를 마른 팬에 볶아 비린내를 날린다."",""팬에 기름과 간장, 올리고당을 넣어 양념을 끓인다."",""멸치를 넣고 약불에서 재빨리 버무린다."",""눌어붙지 않게 저으며 윤기를 낸다."",""불을 끄고 깨를 뿌려 마무리한다.""]","[""한식"",""집밥""]","[""프라이팬""]","NaengPago Seed v1","true"
"c76fe37a-9b10-5bd4-a582-89f02ebf5656","진미채볶음",,"30","EASY","2","250","[""진미채를 먹기 좋게 잘라 살짝 찢는다."",""고추장, 올리고당, 물로 양념을 약불에 끓인다."",""불을 끄고 진미채를 넣어 버무린다."",""마요네즈를 넣어 부드럽게 섞는다."",""깨를 뿌려 마무리한다.""]","[""집밥""]","[""프라이팬""]","NaengPago Seed v1","true"
"8be27201-42be-5949-aeb2-caad6f23687c","감자채볶음",,"35","EASY","2","180","[""감자를 채 썰어 찬물에 헹궈 전분을 뺀다."",""당근과 양파도 채 썬다."",""달군 팬에 기름을 두르고 감자를 볶는다."",""감자가 반쯤 익으면 당근과 양파를 넣는다."",""소금으로 간하고 아삭하게 볶아 마무리한다.""]","[""집밥""]","[""프라이팬""]","NaengPago Seed v1","true"
"398aa7e6-fb92-5665-a307-fe65639c645b","햄치즈샌드위치",,"40","EASY","2","400","[""식빵을 살짝 구워 준비한다."",""한쪽 면에 마요네즈나 머스터드를 바른다."",""상추, 햄, 슬라이스치즈를 순서대로 올린다."",""다른 식빵으로 덮어 살짝 눌러준다."",""반으로 잘라 접시에 담아낸다.""]","[""한식"",""집밥""]","[""냄비""]","NaengPago Seed v1","true"
"07f4aa5a-f6e2-54f5-a9c0-61d9c33ac122","프렌치토스트",,"10","EASY","2","350","[""달걀을 풀고 우유와 설탕을 넣어 섞는다."",""식빵을 달걀물에 앞뒤로 충분히 적신다."",""팬에 버터를 녹인다."",""약불에서 식빵을 앞뒤로 노릇하게 굽는다."",""접시에 담아 취향껏 곁들여 낸다.""]","[""집밥""]","[""냄비""]","NaengPago Seed v1","true"
"67876e4c-78bc-5a83-a0f3-3834ab771a9b","토마토파스타",,"15","EASY","2","500","[""끓는 물에 소금을 넣고 스파게티면을 삶는다."",""팬에 올리브유를 두르고 편 썬 마늘을 볶는다."",""토마토소스를 넣고 끓인다."",""삶은 면과 면수를 넣어 소스와 버무린다."",""농도를 맞춰 접시에 담아낸다.""]","[""집밥""]","[""프라이팬""]","NaengPago Seed v1","true"
"38d897ce-670b-5fd2-a440-297eb3521790","크림파스타",,"20","NORMAL","2","650","[""파스타면을 소금물에 삶는다."",""팬에 베이컨을 볶아 기름을 낸다."",""편 썬 마늘을 넣어 향을 낸다."",""생크림을 붓고 약불에서 졸인다."",""삶은 면을 넣고 소스에 버무려 마무리한다.""]","[""한식"",""집밥""]","[""프라이팬""]","NaengPago Seed v1","true"
"d74dc37d-1911-5134-a3e9-b06883209869","알리오올리오",,"25","EASY","2","480","[""스파게티면을 소금물에 삶는다."",""팬에 올리브유를 넉넉히 두르고 편 마늘을 약불에 볶는다."",""어슷 썬 청양고추를 넣어 매운맛을 낸다."",""삶은 면과 면수를 넣어 유화시킨다."",""소금으로 간하고 고루 버무려 마무리한다.""]","[""집밥""]","[""냄비""]","NaengPago Seed v1","true"
"a3bf820d-7947-591d-aafe-58277c8e6063","감바스",,"30","EASY","2","400","[""새우를 손질해 물기를 뺀다."",""작은 팬에 올리브유와 편 마늘을 넣고 약불로 달군다."",""마늘 향이 오르면 새우를 넣는다."",""새우가 붉게 익으면 소금으로 간한다."",""바게트를 곁들여 기름에 찍어 먹는다.""]","[""집밥""]","[""냄비""]","NaengPago Seed v1","true"
"80b5ab38-c2ee-56fb-a124-6d2fd00f7133","치킨샐러드",,"35","EASY","2","300","[""닭가슴살을 구워 한 김 식힌 뒤 썬다."",""샐러드채소를 씻어 물기를 뺀다."",""방울토마토를 반으로 자른다."",""그릇에 채소와 토마토를 담고 닭가슴살을 올린다."",""올리브유와 소금, 후추로 드레싱해 마무리한다.""]","[""한식"",""집밥""]","[""냄비""]","NaengPago Seed v1","true"
"5da3f5d0-ffc4-589f-a0a0-e1abba8d3431","두부샐러드",,"40","EASY","2","220","[""두부를 깍둑썰어 팬에 노릇하게 굽는다."",""샐러드채소를 씻어 물기를 뺀다."",""방울토마토를 반으로 자른다."",""그릇에 채소와 토마토, 두부를 담는다."",""간장 드레싱을 뿌려 마무리한다.""]","[""집밥""]","[""냄비""]","NaengPago Seed v1","true"
"2ab4b016-9889-506e-a290-c7b2af896413","과일요거트",,"10","EASY","2","250","[""바나나를 동그랗게 썬다."",""딸기는 꼭지를 떼고 반으로 자른다."",""그릇에 요거트를 담는다."",""준비한 과일과 블루베리를 올린다."",""취향껏 꿀이나 그래놀라를 곁들여 낸다.""]","[""집밥""]","[""냄비""]","NaengPago Seed v1","true"
"a5b4ed28-ee7d-54a2-a501-161c5c87ba0b","바나나스무디",,"15","EASY","2","220","[""바나나를 적당한 크기로 썬다."",""믹서에 바나나, 우유, 꿀을 넣는다."",""얼음을 넣는다."",""곱게 갈릴 때까지 간다."",""컵에 부어낸다.""]","[""한식"",""집밥""]","[""냄비""]","NaengPago Seed v1","true"
"452ad269-cf68-51d4-ae61-1100ce9b4498","딸기스무디",,"20","EASY","2","200","[""딸기를 씻어 꼭지를 뗀다."",""믹서에 딸기, 우유, 꿀을 넣는다."",""얼음을 넣는다."",""곱게 갈릴 때까지 간다."",""컵에 부어낸다.""]","[""집밥""]","[""냄비""]","NaengPago Seed v1","true"
"bb7296cd-153d-5453-abc7-967ecfadd20a","김치우동",,"25","EASY","2","450","[""김치를 잘게 썰고 어묵은 먹기 좋게 썬다."",""냄비에 기름을 두르고 김치를 볶는다."",""물을 붓고 어묵을 넣어 끓인다."",""우동면을 넣고 익힌다."",""어슷 썬 대파를 올리고 간장으로 간해 마무리한다.""]","[""집밥""]","[""냄비""]","NaengPago Seed v1","true"
"7dce9587-a52a-561e-af77-ae43d90af3ab","어묵탕",,"30","NORMAL","2","200","[""무를 나박하게 썰어 물에 넣고 끓여 육수를 낸다."",""어묵을 꼬치에 끼우거나 먹기 좋게 썬다."",""육수에 어묵을 넣고 끓인다."",""간장으로 간을 맞춘다."",""어슷 썬 대파를 올려 마무리한다.""]","[""한식"",""집밥""]","[""냄비""]","NaengPago Seed v1","true"
"7014f945-8dca-558a-a0f6-e7f4bb6d970e","만둣국",,"35","EASY","2","400","[""육수를 끓여 간을 맞춘다."",""만두를 넣고 떠오를 때까지 끓인다."",""풀어둔 달걀을 돌려 넣어 익힌다."",""어슷 썬 대파를 넣는다."",""그릇에 담고 김가루를 올려 마무리한다.""]","[""집밥""]","[""냄비""]","NaengPago Seed v1","true"
"55c9e892-3172-572c-a7e8-6dc2f0a3af9d","닭죽",,"40","EASY","2","350","[""쌀을 씻어 30분간 불린다."",""닭가슴살을 삶아 잘게 찢고 육수는 남겨둔다."",""냄비에 참기름을 두르고 불린 쌀을 볶는다."",""육수를 붓고 쌀알이 퍼지도록 저으며 끓인다."",""찢은 닭과 다진 당근을 넣고 소금으로 간해 마무리한다.""]","[""집밥""]","[""냄비""]","NaengPago Seed v1","true"
"4be46116-d177-5fee-a57a-bbbb78bbbe74","야채죽",,"10","EASY","2","280","[""쌀을 씻어 30분간 불린다."",""당근, 애호박, 버섯을 잘게 다진다."",""냄비에 참기름을 두르고 쌀과 채소를 볶는다."",""물을 붓고 쌀알이 퍼지도록 저으며 끓인다."",""소금으로 간해 마무리한다.""]","[""한식"",""집밥""]","[""냄비""]","NaengPago Seed v1","true"
"06780095-ab42-5710-afda-6a8e04c22828","전복죽",,"15","EASY","2","380","[""전복을 손질해 살은 저미고 내장은 따로 둔다."",""쌀을 씻어 불린다."",""냄비에 참기름을 두르고 전복과 쌀을 볶는다."",""전복 내장을 넣어 함께 볶아 감칠맛을 낸다."",""물을 붓고 저으며 끓여 소금으로 간해 마무리한다.""]","[""집밥""]","[""프라이팬""]","NaengPago Seed v1","true"
"29c7cf2c-fb60-506a-a8b1-786d980cb548","토마토달걀볶음",,"20","EASY","2","200","[""토마토를 큼직하게 썰고 달걀은 풀어둔다."",""달군 팬에 기름을 두르고 달걀을 스크램블해 덜어둔다."",""팬에 대파를 볶아 향을 낸다."",""토마토를 넣고 살짝 볶는다."",""달걀을 다시 넣고 소금으로 간해 마무리한다.""]","[""집밥""]","[""프라이팬""]","NaengPago Seed v1","true"
"c7872d23-7960-5ff0-ae1c-06b801c08456","마파두부",,"25","EASY","2","350","[""두부를 깍둑썰어 끓는 물에 살짝 데쳐 둔다."",""팬에 기름을 두르고 다진 돼지고기를 볶는다."",""고추장과 고춧가루를 넣어 볶아 매운맛을 낸다."",""물을 붓고 두부를 넣어 끓인다."",""전분물로 농도를 맞추고 대파를 넣어 마무리한다.""]","[""한식"",""집밥""]","[""냄비""]","NaengPago Seed v1","true"
"4548efe3-8d9e-56b5-a49c-f171401c5a34","소시지야채볶음",,"30","EASY","2","330","[""소시지에 칼집을 내고 채소는 먹기 좋게 썬다."",""달군 팬에 기름을 두르고 소시지를 볶는다."",""양파와 파프리카를 넣어 함께 볶는다."",""케첩을 넣고 고루 버무린다."",""살짝 더 볶아 마무리한다.""]","[""집밥""]","[""프라이팬""]","NaengPago Seed v1","true"
"c05c1e02-8e5d-59ab-a7a4-671807a11a5a","연두부간장",,"35","EASY","2","120","[""연두부를 그릇에 통째로 담는다."",""간장에 다진 대파와 고춧가루를 섞어 양념장을 만든다."",""참기름과 깨를 넣어 향을 낸다."",""연두부 위에 양념장을 끼얹는다."",""그대로 떠먹도록 낸다.""]","[""집밥""]","[""냄비""]","NaengPago Seed v1","true"
"33f3d243-2480-5db8-aab6-0e8c7d56820f","아보카도토스트",,"40","NORMAL","2","350","[""식빵을 바삭하게 굽는다."",""아보카도를 으깨 소금, 후추로 간한다."",""달걀은 반숙 프라이나 수란으로 익힌다."",""구운 식빵에 아보카도를 펴 바른다."",""달걀을 올리고 소금을 뿌려 마무리한다.""]","[""한식"",""집밥""]","[""냄비""]","NaengPago Seed v1","true"
