id,recipeId,masterId,nameText,quantity,unit,isOptional,substitutionGroup
"c24401a9-5364-541b-ac8f-da1d6c55759f","bf43592b-b989-5485-ab6e-29e311cc0b6d","77f72f8c-b3c3-5606-a8b2-0131965dee5e","된장","1",,"false",
"e216d740-1296-5a7f-a870-cf23bec52244","bf43592b-b989-5485-ab6e-29e311cc0b6d","98f038ec-b21d-5f97-ae7c-08104685ce06","두부","1","개","false",
"ac9c9a82-72a8-55ff-a513-cab0199d0b5a","bf43592b-b989-5485-ab6e-29e311cc0b6d","d1b2aac2-c5d2-5d6c-a924-136d4d37e981","애호박","1","개","false",
"766fc1b2-d965-5a18-aa6a-46e75deb8a1b","bf43592b-b989-5485-ab6e-29e311cc0b6d","74e75ad3-e6fd-50c5-ab10-bd85837d7a71","대파","1","개","false",
"c80491e3-4d5f-54f6-a543-5476419941e0","4eee5d6c-aa04-5488-ac59-a2fea88590db","e98bde9b-25a7-571f-aa02-68f40a064d30","김치","1","개","false",
"72fc352b-a0d7-59e0-aa5d-1c0ee1206b20","4eee5d6c-aa04-5488-ac59-a2fea88590db","a359e6ff-b972-5c98-a622-caa6abf15635","돼지고기","1","g","false",
"b6550753-406b-525e-a035-dfb44ae02467","4eee5d6c-aa04-5488-ac59-a2fea88590db","98f038ec-b21d-5f97-ae7c-08104685ce06","두부","1","개","false",
"0af8b82b-54aa-51f8-aa16-2be8a1323d3f","4eee5d6c-aa04-5488-ac59-a2fea88590db","74e75ad3-e6fd-50c5-ab10-bd85837d7a71","대파","1","개","false",
"1557e36e-0ead-534f-abea-bfacb1cd1ab2","e64cd3c8-6bfb-528c-a57f-1081a5d09b54","d05ac959-5c75-5e08-abc6-c61ed96fa8d8","순두부","1","개","false",
"9da0bb06-1d0b-5d7c-acef-922e13d927d8","e64cd3c8-6bfb-528c-a57f-1081a5d09b54","73de1c78-34f5-5bf8-a3ef-2052107a7860","달걀","1",,"false",
"694c7c40-24fa-558a-accf-8d7edbe7f70a","e64cd3c8-6bfb-528c-a57f-1081a5d09b54","6c28ecb6-957c-580d-a995-d88c889163b8","고춧가루","1",,"false",
"880c1f56-eda6-53d9-a721-545ab84e2e0e","e64cd3c8-6bfb-528c-a57f-1081a5d09b54","74e75ad3-e6fd-50c5-ab10-bd85837d7a71","대파","1","개","false",
"6a0a3f57-5096-5945-ae0b-cef3d37d48e9","f302e76e-2b74-57b2-a6b9-347e252b0356","e98bde9b-25a7-571f-aa02-68f40a064d30","김치","1","개","false",
"459cca7b-5be6-5e75-a03d-ed9f6c77b184","f302e76e-2b74-57b2-a6b9-347e252b0356","95a35a9c-0355-582f-a0b7-ea63e95a4df9","햄","1","g","false",
"d4c37e27-ed57-5b72-a43a-1a3a46b13a75","f302e76e-2b74-57b2-a6b9-347e252b0356","8090eb62-1448-5cea-a4f3-5479bc7ad877","소시지","1","g","false",
"2f465e13-fe4b-53d0-a900-2e0bd1da6802","f302e76e-2b74-57b2-a6b9-347e252b0356","98f038ec-b21d-5f97-ae7c-08104685ce06","두부","1","개","false",
"d4d2773e-cdb8-5769-a436-db706626bf52","28c531f4-856c-55c8-ab94-825a58ee741a","79a48b75-a6da-5fb3-add7-75a1bfb69aac","미역","1","g","false",
"aeb8fd34-38e5-5204-a88c-9b23606c2e8c","28c531f4-856c-55c8-ab94-825a58ee741a","26d9729c-f984-5cdc-afb3-d00b20af8742","소고기","1","g","false",
"4cff2364-0a92-5348-a58a-c09ad04ed5fc","28c531f4-856c-55c8-ab94-825a58ee741a","2dcdffd2-5e59-53ec-a8f6-84fd768a78ab","국간장","1",,"false",
"095d7569-b6bb-5d55-adb7-b4bfa644e8fd","28c531f4-856c-55c8-ab94-825a58ee741a","220d2350-548c-52b1-aa81-656884b53f58","참기름","1",,"false",
"da3e932e-940f-5ffd-af34-fa8120e49f6a","e8eb6078-d9cb-52b0-a38d-8e0a6fa85703","26d9729c-f984-5cdc-afb3-d00b20af8742","소고기","1","g","false",
"13e9832e-a9c8-5c70-a53e-c6a88b3914b4","e8eb6078-d9cb-52b0-a38d-8e0a6fa85703","ed9cd8b9-438a-5d39-a357-eabf80382141","무","1","개","false",
"36809475-83a5-58ba-a42c-369410e98962","e8eb6078-d9cb-52b0-a38d-8e0a6fa85703","2dcdffd2-5e59-53ec-a8f6-84fd768a78ab","국간장","1",,"false",
"f0beec20-54b1-508d-a821-22b073de9665","e8eb6078-d9cb-52b0-a38d-8e0a6fa85703","74e75ad3-e6fd-50c5-ab10-bd85837d7a71","대파","1","개","false",
"78ec1757-d875-5efc-a7ff-e463bacd9698","47d47c65-02f8-5493-a599-848e439f3167","b5c9e71e-4bb2-5328-aedf-64db7ba29b21","북어","1","g","false",
"5e6a3b8a-e591-52aa-a540-af891ff67bc9","47d47c65-02f8-5493-a599-848e439f3167","73de1c78-34f5-5bf8-a3ef-2052107a7860","달걀","1",,"false",
"64748ff8-f689-5cd5-acfb-8f407144c537","47d47c65-02f8-5493-a599-848e439f3167","ed9cd8b9-438a-5d39-a357-eabf80382141","무","1","개","false",
"99ae75be-6e81-521e-a178-27a00795f04a","47d47c65-02f8-5493-a599-848e439f3167","74e75ad3-e6fd-50c5-ab10-bd85837d7a71","대파","1","개","false",
"b541bb92-d90d-5482-a557-e12847602976","91716fd3-12e2-5178-ab84-acf6fa3be4c6","ef40a5b9-8db8-5b0e-af76-86b51e6d23b0","콩나물","1","g","false",
"741c50f4-1139-5ac9-a4d1-814f57c56928","91716fd3-12e2-5178-ab84-acf6fa3be4c6","74e75ad3-e6fd-50c5-ab10-bd85837d7a71","대파","1","개","false",
"56357daa-675e-5b67-aa3d-3a3e25060354","91716fd3-12e2-5178-ab84-acf6fa3be4c6","489718a1-9ce7-5bea-af8c-642995c48eb4","마늘","1","g","false",
"776e1527-f804-5112-a24b-a9f4f967c6b8","91716fd3-12e2-5178-ab84-acf6fa3be4c6","53b23418-40cf-5c35-ac58-0c0178bd4888","소금","1",,"false",
"f10bc178-81e5-57f8-ae69-e18190c70bca","bc9adc24-821d-5558-a35f-c0a8bb4a28ea","73de1c78-34f5-5bf8-a3ef-2052107a7860","달걀","1",,"false",
"7067bfef-73b2-5269-aa61-a66f030e5413","bc9adc24-821d-5558-a35f-c0a8bb4a28ea","74e75ad3-e6fd-50c5-ab10-bd85837d7a71","대파","1","개","false",
"b6ab5819-bcaf-5bfe-af1a-9984a59a1c19","bc9adc24-821d-5558-a35f-c0a8bb4a28ea","2dcdffd2-5e59-53ec-a8f6-84fd768a78ab","국간장","1",,"false",
"c5f2a8b5-e142-5426-a1d2-06bae25834dc","bc9adc24-821d-5558-a35f-c0a8bb4a28ea","1b5711fb-faf5-521d-a33f-3c44a6f8bcf3","물","1","개","false",
"9bef437d-18c0-5209-a2ea-72f493568550","616adc37-8a9b-5936-ae16-887c5ebb8d5b","112f33b6-d1d6-54b7-a115-7e5590896c4f","떡국떡","1","봉","false",
"4f523de0-728f-5ace-ad09-358ba64914c4","616adc37-8a9b-5936-ae16-887c5ebb8d5b","73de1c78-34f5-5bf8-a3ef-2052107a7860","달걀","1",,"false",
"39cd64ac-1c36-5fee-a06e-eee0fe2299f3","616adc37-8a9b-5936-ae16-887c5ebb8d5b","74e75ad3-e6fd-50c5-ab10-bd85837d7a71","대파","1","개","false",
"d1583748-ba78-594e-a49e-86d1524e76ed","616adc37-8a9b-5936-ae16-887c5ebb8d5b","1fcd6796-5ac3-519f-af49-58f4278ae9a3","김","1","g","false",
"d97d4ab1-465c-58e3-ab37-1c4039484795","8cbd7be7-cf23-5ef3-afd4-1105e2765c3d","a359e6ff-b972-5c98-a622-caa6abf15635","돼지고기","1","g","false",
"62a02293-a227-5170-a653-98908a287e6d","8cbd7be7-cf23-5ef3-afd4-1105e2765c3d","7e571cf4-2dd4-555a-a061-8d562471268b","고추장","1",,"false",
"07b5a060-e744-5818-a003-209cbd1edfde","8cbd7be7-cf23-5ef3-afd4-1105e2765c3d","f15b1235-1488-59e1-ad2c-e211b6e6e7d0","양파","1","개","false",
"0bc0d421-088f-5cbf-a39b-199590304d80","8cbd7be7-cf23-5ef3-afd4-1105e2765c3d","74e75ad3-e6fd-50c5-ab10-bd85837d7a71","대파","1","개","false",
"449b6973-c230-526a-a0c1-1bd0f844d01f","55fdd92b-7a41-5718-a08f-2ba6ee038e58","1eda2880-8d1c-5635-aac1-1add07b932e5","불고기용 소고기","1","g","false",
"651e0c3a-b48c-5b2a-a7cd-f11a57433d3a","55fdd92b-7a41-5718-a08f-2ba6ee038e58","71a92339-42db-5de8-aa16-ce1e983bfb53","간장","1",,"false",
"b8b4b0fe-a378-5e44-a051-9cdbf334541f","55fdd92b-7a41-5718-a08f-2ba6ee038e58","f15b1235-1488-59e1-ad2c-e211b6e6e7d0","양파","1","개","false",
"e9c4b962-1c49-56ad-ae20-bf67b77d4c84","55fdd92b-7a41-5718-a08f-2ba6ee038e58","74e75ad3-e6fd-50c5-ab10-bd85837d7a71","대파","1","개","false",
"e3bc4911-1210-594e-af51-87fc2e313afa","1faa32f2-08d1-5613-ae20-679a2c0c9c0f","38fe51ef-ea4d-554a-a12c-bb0cbdee0fda","닭고기","1","g","false",
"1b072389-79bd-54af-a0fc-11bb0e8efcef","1faa32f2-08d1-5613-ae20-679a2c0c9c0f","eed38381-5997-57d0-a926-e89b837b331f","감자","1","개","false",
"7dd33070-1dfb-5c2c-a192-30fcd0e847d8","1faa32f2-08d1-5613-ae20-679a2c0c9c0f","7e571cf4-2dd4-555a-a061-8d562471268b","고추장","1",,"false",
"518ed6f8-4fad-5c89-ad5a-eb0a21e69b8f","1faa32f2-08d1-5613-ae20-679a2c0c9c0f","1f962203-6e89-5d18-ac5c-0700b39b70e1","당근","1","개","false",
"20a4201f-c4a6-5258-a25e-dfaa0b10101c","5f5f8f80-0a45-5917-a8d3-a8c03ad58120","38fe51ef-ea4d-554a-a12c-bb0cbdee0fda","닭고기","1","g","false",
"368e1986-6ee6-5654-a5e7-7818a18baa63","5f5f8f80-0a45-5917-a8d3-a8c03ad58120","71a92339-42db-5de8-aa16-ce1e983bfb53","간장","1",,"false",
"956b4001-d015-5dcd-a171-97f9a2055387","5f5f8f80-0a45-5917-a8d3-a8c03ad58120","08c14764-fbdd-589a-ac84-de052d99792c","당면","1","봉","false",
"c391c20c-fb34-53bd-a6e2-5a2513eeacc2","5f5f8f80-0a45-5917-a8d3-a8c03ad58120","eed38381-5997-57d0-a926-e89b837b331f","감자","1","개","false",
"6111e4ca-d64e-56f5-a54f-ed0b06571be4","71d1e68e-60c9-5adc-a496-a8797b5b44fb","40ef0253-9be8-5d94-a011-32638a2ea001","오징어","1","g","false",
"2d4b167a-7fa4-5063-a975-a3439879b8a4","71d1e68e-60c9-5adc-a496-a8797b5b44fb","7e571cf4-2dd4-555a-a061-8d562471268b","고추장","1",,"false",
"970802ef-8eaa-50ca-a362-f335a7659ffa","71d1e68e-60c9-5adc-a496-a8797b5b44fb","f15b1235-1488-59e1-ad2c-e211b6e6e7d0","양파","1","개","false",
"5a3a5f54-3e9a-501f-aabf-ca4981c63853","71d1e68e-60c9-5adc-a496-a8797b5b44fb","74e75ad3-e6fd-50c5-ab10-bd85837d7a71","대파","1","개","false",
"29ce8f65-129e-5c5d-a773-3370334c0e76","574697b3-7bd3-51f7-a2c8-d36d60a4d13f","2cc24c1c-5679-5754-a94a-125cdda3c1b8","낙지","1","g","false",
"3dfb053c-9c55-5d9a-abb8-b39efde69f6d","574697b3-7bd3-51f7-a2c8-d36d60a4d13f","6c28ecb6-957c-580d-a995-d88c889163b8","고춧가루","1",,"false",
"3310e563-ab92-5568-a756-deeab523eb1a","574697b3-7bd3-51f7-a2c8-d36d60a4d13f","f15b1235-1488-59e1-ad2c-e211b6e6e7d0","양파","1","개","false",
"7c2deace-cd24-5612-a591-38d78d5b9489","574697b3-7bd3-51f7-a2c8-d36d60a4d13f","74e75ad3-e6fd-50c5-ab10-bd85837d7a71","대파","1","개","false",
"9af759ed-3b0d-5eb5-af72-2fbeb7eb47f8","6a781155-f510-573e-a53f-a2a1dfcd95b2","98f038ec-b21d-5f97-ae7c-08104685ce06","두부","1","개","false",
"196e1468-a495-5eca-a58c-7463a12b6559","6a781155-f510-573e-a53f-a2a1dfcd95b2","71a92339-42db-5de8-aa16-ce1e983bfb53","간장","1",,"false",
"6de5e43f-a95a-5006-ae1a-7d93a4ca5b77","6a781155-f510-573e-a53f-a2a1dfcd95b2","6c28ecb6-957c-580d-a995-d88c889163b8","고춧가루","1",,"false",
"208896f1-2bec-5233-aec0-36e0d9dbff5d","6a781155-f510-573e-a53f-a2a1dfcd95b2","74e75ad3-e6fd-50c5-ab10-bd85837d7a71","대파","1","개","false",
"5d2db688-7afe-58c6-afda-0f89c297ae47","89017298-4e7a-5b0b-aa46-74bfacc3c95d","eed38381-5997-57d0-a926-e89b837b331f","감자","1","개","false",
"3e00bfbc-8fb2-58a9-a454-79100a701893","89017298-4e7a-5b0b-aa46-74bfacc3c95d","71a92339-42db-5de8-aa16-ce1e983bfb53","간장","1",,"false",
"c0fb3d3b-841d-520d-a3b0-2f1ba2b7922e","89017298-4e7a-5b0b-aa46-74bfacc3c95d","15c9d8b5-a8ff-51d0-a012-8cfed3126206","올리고당","1",,"false",
"8e7e3ea1-6e22-5fac-a438-12629380f393","89017298-4e7a-5b0b-aa46-74bfacc3c95d","56b26728-0ff9-5471-ab17-c74d8dd338a8","깨","1",,"false",
"465914ca-5700-5c51-a70a-e4f003649ea0","f8ec7372-3bd3-586b-af7d-f96ac3dd2d61","b7a3b8dc-8f88-5b62-af0d-9fe6529cc776","연근","1","g","false",
"441438c8-35e0-5c8d-a20f-00cd6457d022","f8ec7372-3bd3-586b-af7d-f96ac3dd2d61","71a92339-42db-5de8-aa16-ce1e983bfb53","간장","1",,"false",
"784d1fea-383e-5e3e-a7f4-690d78581cc1","f8ec7372-3bd3-586b-af7d-f96ac3dd2d61","15c9d8b5-a8ff-51d0-a012-8cfed3126206","올리고당","1",,"false",
"836d8a0d-b1ff-55f5-a7b7-ccdf35c1eef8","f8ec7372-3bd3-586b-af7d-f96ac3dd2d61","56b26728-0ff9-5471-ab17-c74d8dd338a8","깨","1",,"false",
"e25b7cc0-e42d-5ee7-ab26-7d25777d5406","0026ba35-cdd1-5075-af97-c42aefefdf0b","e2302200-1f3b-5428-af4b-f6d39969e319","장조림용 소고기","1","g","false",
"d2d8bf67-1895-5af6-a7ea-e9ff724a3018","0026ba35-cdd1-5075-af97-c42aefefdf0b","71a92339-42db-5de8-aa16-ce1e983bfb53","간장","1",,"false",
"61a29be9-f83a-5258-ab38-2205864d3b1a","0026ba35-cdd1-5075-af97-c42aefefdf0b","73de1c78-34f5-5bf8-a3ef-2052107a7860","달걀","1",,"false",
"f49ffce4-2994-5863-a955-581156c9c058","0026ba35-cdd1-5075-af97-c42aefefdf0b","489718a1-9ce7-5bea-af8c-642995c48eb4","마늘","1","g","false",
"56ff3c6f-27d0-550d-ae7f-452b12cdddf3","90c976bf-e0fd-5dbc-a37a-1353c31c787b","68534698-a2a7-5dc7-af4e-fbbc8888b928","밥","1","개","false",
"b156a220-5d0d-5104-a109-3f3bdafce708","90c976bf-e0fd-5dbc-a37a-1353c31c787b","e98bde9b-25a7-571f-aa02-68f40a064d30","김치","1","개","false",
"2ee838df-fe5e-5eca-af97-e493fbb8e24f","90c976bf-e0fd-5dbc-a37a-1353c31c787b","73de1c78-34f5-5bf8-a3ef-2052107a7860","달걀","1",,"false",
"6ea2a84a-517c-5f3f-a913-81f87fa4acbc","90c976bf-e0fd-5dbc-a37a-1353c31c787b","74e75ad3-e6fd-50c5-ab10-bd85837d7a71","대파","1","개","false",
"faedca79-51cf-5f56-adf1-7a6a9b616146","522ef4de-9267-57a5-a5d7-bb8607591741","68534698-a2a7-5dc7-af4e-fbbc8888b928","밥","1","개","false",
"90b18a8f-ea51-5d55-a2d7-494231a418e7","522ef4de-9267-57a5-a5d7-bb8607591741","b5cadb5a-2af6-5e37-a807-96e027486820","새우","1","g","false",
"74675b13-424b-58f0-ab73-a5d43d24727b","522ef4de-9267-57a5-a5d7-bb8607591741","73de1c78-34f5-5bf8-a3ef-2052107a7860","달걀","1",,"false",
"f13585bf-815b-5b7d-ab3b-1c3e2028a63f","522ef4de-9267-57a5-a5d7-bb8607591741","74e75ad3-e6fd-50c5-ab10-bd85837d7a71","대파","1","개","false",
"5035b872-cda2-5df3-ad35-76c9c8af2222","fc769196-2ac9-5391-a21a-69e1da3a6411","68534698-a2a7-5dc7-af4e-fbbc8888b928","밥","1","개","false",
"466b21c4-7848-5065-a01c-2a53d104cc37","fc769196-2ac9-5391-a21a-69e1da3a6411","73de1c78-34f5-5bf8-a3ef-2052107a7860","달걀","1",,"false",
"c3282791-71ae-50ab-a657-95c405c1cc0e","fc769196-2ac9-5391-a21a-69e1da3a6411","74e75ad3-e6fd-50c5-ab10-bd85837d7a71","대파","1","개","false",
"dda3be80-36c6-510b-aa26-ed0d1318547d","fc769196-2ac9-5391-a21a-69e1da3a6411","71a92339-42db-5de8-aa16-ce1e983bfb53","간장","1",,"false",
"67e115d3-35d2-561f-a667-4ab7ff089022","c0990a6a-abee-5923-a2c8-7f9ca8d7a41e","68534698-a2a7-5dc7-af4e-fbbc8888b928","밥","1","개","false",
"0a4d9569-b1f5-5b84-aad3-8ceff86bd971","c0990a6a-abee-5923-a2c8-7f9ca8d7a41e","ef40a5b9-8db8-5b0e-af76-86b51e6d23b0","콩나물","1","g","false",
"9dc79c37-39c9-5950-ae9e-9509a95cd133","c0990a6a-abee-5923-a2c8-7f9ca8d7a41e","7bfe489d-67f0-571e-a213-70058b7a74eb","시금치","1","g","false",
"495252d1-4865-5a3b-a7ac-f477bb297300","c0990a6a-abee-5923-a2c8-7f9ca8d7a41e","7e571cf4-2dd4-555a-a061-8d562471268b","고추장","1",,"false",
"9f056ff7-624e-5a07-af9f-8d3cfcd48514","13847809-2658-54bc-a29f-e772a9e7f199","1ba8841e-a026-541f-aee9-d12ed698f1b5","쌀","1",,"false",
"c19e98da-9b25-5b30-a4eb-69765df2a960","13847809-2658-54bc-a29f-e772a9e7f199","ef40a5b9-8db8-5b0e-af76-86b51e6d23b0","콩나물","1","g","false",
"4bf82244-b062-5c84-ad98-b49b1b1e7432","13847809-2658-54bc-a29f-e772a9e7f199","71a92339-42db-5de8-aa16-ce1e983bfb53","간장","1",,"false",
"d529a030-3fe7-5726-a964-3b7654e13cd8","13847809-2658-54bc-a29f-e772a9e7f199","220d2350-548c-52b1-aa81-656884b53f58","참기름","1",,"false",
"3acaf6a8-b190-5870-a38a-4c199afcea0f","8b4ec4fd-3ba3-5af8-ae94-ea3f56b1f859","68534698-a2a7-5dc7-af4e-fbbc8888b928","밥","1","개","false",
"bb37ac73-7128-5288-a1f1-0bb53493dc65","8b4ec4fd-3ba3-5af8-ae94-ea3f56b1f859","f3ec435d-c9f2-56c7-a230-5689db3f2dd7","참치캔","1","g","false",
"f3c9fb6a-808d-5c5a-a472-5207bd9cae9b","8b4ec4fd-3ba3-5af8-ae94-ea3f56b1f859","1fcd6796-5ac3-519f-af49-58f4278ae9a3","김","1","g","false",
"822a4773-5776-5027-a840-7f7cbad9edb7","8b4ec4fd-3ba3-5af8-ae94-ea3f56b1f859","09303d52-fa0a-5aa9-a6b6-93d1a9274857","마요네즈","1",,"false",
"0519ded8-195e-567d-adc3-f9eb6af659b7","415aa7c5-2a17-5047-a458-671b536a9fe7","68534698-a2a7-5dc7-af4e-fbbc8888b928","밥","1","개","false",
"b6ed735e-4a5a-5d4f-ae6e-84598e6fd2a2","415aa7c5-2a17-5047-a458-671b536a9fe7","cf1af438-285c-5903-ad80-39dda1456486","카레가루","1",,"false",
"1811644c-065f-5bfc-aba3-c58b095a8b3b","415aa7c5-2a17-5047-a458-671b536a9fe7","eed38381-5997-57d0-a926-e89b837b331f","감자","1","개","false",
"7bc64b48-1d11-50e2-a84b-05cfa8895435","415aa7c5-2a17-5047-a458-671b536a9fe7","1f962203-6e89-5d18-ac5c-0700b39b70e1","당근","1","개","false",
"2317846f-0eae-5f0a-a446-3b486e6d997e","e172756c-9462-509a-a323-516fab4f31c6","68534698-a2a7-5dc7-af4e-fbbc8888b928","밥","1","개","false",
"b71fc489-0a5a-56d9-a9e0-f113c1b8f82d","e172756c-9462-509a-a323-516fab4f31c6","f6d5cf37-9fc7-5e61-acb1-a018610756ef","짜장소스","1",,"false",
"8136a8eb-8c91-5205-a0a7-36266bc375a4","e172756c-9462-509a-a323-516fab4f31c6","f15b1235-1488-59e1-ad2c-e211b6e6e7d0","양파","1","개","false",
"84ddf384-849e-569f-a129-fade55e94fc0","e172756c-9462-509a-a323-516fab4f31c6","a359e6ff-b972-5c98-a622-caa6abf15635","돼지고기","1","g","false",
"98a805f2-3930-590f-af78-ac5d69c691c6","9cf2dcac-d37e-520a-a909-4d824c1ecece","68534698-a2a7-5dc7-af4e-fbbc8888b928","밥","1","개","false",
"170ebb38-9712-538d-aa99-4498db415bcf","9cf2dcac-d37e-520a-a909-4d824c1ecece","73de1c78-34f5-5bf8-a3ef-2052107a7860","달걀","1",,"false",
"d54d69b9-1e0b-53cb-a9ec-61ae98df24c9","9cf2dcac-d37e-520a-a909-4d824c1ecece","0b769a96-d66b-5c60-a387-8b9b7a637a2a","케첩","1",,"false",
"f94a580a-3efa-59cf-a0f6-94244572a3f2","9cf2dcac-d37e-520a-a909-4d824c1ecece","f15b1235-1488-59e1-ad2c-e211b6e6e7d0","양파","1","개","false",
"cd077cc7-744c-546c-a086-89feb1c5f583","4896ad54-0c5e-5309-af6b-4d0907792e00","68534698-a2a7-5dc7-af4e-fbbc8888b928","밥","1","개","false",
"3331bce6-025b-5d54-ae53-f84aa9997ada","4896ad54-0c5e-5309-af6b-4d0907792e00","f3ec435d-c9f2-56c7-a230-5689db3f2dd7","참치캔","1","g","false",
"ac09a431-19c7-54f7-a9dc-924a6d1da3aa","4896ad54-0c5e-5309-af6b-4d0907792e00","09303d52-fa0a-5aa9-a6b6-93d1a9274857","마요네즈","1",,"false",
"2d0c4df5-bdab-519a-a1bb-e443f0847292","4896ad54-0c5e-5309-af6b-4d0907792e00","1fcd6796-5ac3-519f-af49-58f4278ae9a3","김","1","g","false",
"aef63401-31df-5dc7-ac0e-8e4d883fba11","bb5473a3-0885-52b5-ac93-cb2e24de3231","0e784040-78f2-5daf-a1fa-5b3acc195402","소면","1","봉","false",
"f773af8e-37b5-5131-adf2-24f8d5c3dc4a","bb5473a3-0885-52b5-ac93-cb2e24de3231","74e75ad3-e6fd-50c5-ab10-bd85837d7a71","대파","1","개","false",
"14bf7b7c-65d7-5fa3-a3e8-d8129ac3e010","bb5473a3-0885-52b5-ac93-cb2e24de3231","73de1c78-34f5-5bf8-a3ef-2052107a7860","달걀","1",,"false",
"9a69f758-e782-580d-ae1d-5c23c7a19155","bb5473a3-0885-52b5-ac93-cb2e24de3231","1fcd6796-5ac3-519f-af49-58f4278ae9a3","김","1","g","false",
"36477053-152d-546a-ad51-ec1e2285faa3","e6c92875-8418-5d34-a0cd-6e682a297924","0e784040-78f2-5daf-a1fa-5b3acc195402","소면","1","봉","false",
"cbcd3500-48e4-52d4-a898-95b7f70a6c58","e6c92875-8418-5d34-a0cd-6e682a297924","7e571cf4-2dd4-555a-a061-8d562471268b","고추장","1",,"false",
"4899d645-4228-5c47-a433-9eebdcfad84e","e6c92875-8418-5d34-a0cd-6e682a297924","321d4ec6-8fb3-599a-ac8a-27b21bf057fd","오이","1","개","false",
"451f389f-93af-569f-a196-5f685e95b8f7","e6c92875-8418-5d34-a0cd-6e682a297924","e98bde9b-25a7-571f-aa02-68f40a064d30","김치","1","개","false",
"90dd4e69-4a6f-5c1e-a07b-a5b0490f7f5a","708b99fb-5464-5c07-a0d5-e2a8455806eb","60ebfc4b-5279-5976-af2a-fa04cb48241e","칼국수면","1","봉","false",
"ba93df78-b58d-53b1-a1a8-66d01a7c4e0e","708b99fb-5464-5c07-a0d5-e2a8455806eb","d1b2aac2-c5d2-5d6c-a924-136d4d37e981","애호박","1","개","false",
"de75c04d-1988-5795-a64f-6f89a4a824f6","708b99fb-5464-5c07-a0d5-e2a8455806eb","eed38381-5997-57d0-a926-e89b837b331f","감자","1","개","false",
"c20644bd-89e7-57a8-a0ea-0115d1625b69","708b99fb-5464-5c07-a0d5-e2a8455806eb","74e75ad3-e6fd-50c5-ab10-bd85837d7a71","대파","1","개","false",
"4da7db41-ce4d-5b86-aa2e-65b0f9c22268","fae53160-f269-577f-ae6c-7accd5310304","f850e4b5-94cb-5a3c-ab82-ab91c9c0acaa","수제비","1","봉","false",
"06b49eda-59b1-5918-a8eb-a63ec8c40c8a","fae53160-f269-577f-ae6c-7accd5310304","eed38381-5997-57d0-a926-e89b837b331f","감자","1","개","false",
"35a28df0-1b3d-5188-abfb-64faf4bd7184","fae53160-f269-577f-ae6c-7accd5310304","d1b2aac2-c5d2-5d6c-a924-136d4d37e981","애호박","1","개","false",
"635386fb-4097-5af6-ae9e-7f6bf5f34c49","fae53160-f269-577f-ae6c-7accd5310304","74e75ad3-e6fd-50c5-ab10-bd85837d7a71","대파","1","개","false",
"45ce6f57-62c3-5a85-abe5-03a1010e400a","66c70c9c-d6db-5265-aa5f-b4dfc4f9af20","e50d626d-7a7e-50fc-a07a-8d42b09be0c6","냉면","1","봉","false",
"ab9fb999-1a6a-5cea-a788-e88820c162fd","66c70c9c-d6db-5265-aa5f-b4dfc4f9af20","321d4ec6-8fb3-599a-ac8a-27b21bf057fd","오이","1","개","false",
"c1b2da5e-fca0-52ce-aa34-af29014e4a58","66c70c9c-d6db-5265-aa5f-b4dfc4f9af20","73de1c78-34f5-5bf8-a3ef-2052107a7860","달걀","1",,"false",
"7d9405d2-b168-5a66-adab-dc6e3094b421","66c70c9c-d6db-5265-aa5f-b4dfc4f9af20","ed9cd8b9-438a-5d39-a357-eabf80382141","무","1","개","false",
"aeaf960a-69d0-5369-ac1e-f34017a2ac76","99b72307-f98a-588c-a067-cb13522ba956","0fb14349-f6ff-5440-abcd-c31f5108cf8c","라면","1","봉","false",
"c67bce4b-4773-5a3e-a7c7-04729618c825","99b72307-f98a-588c-a067-cb13522ba956","0fd03224-6727-5bfc-a85b-d2cde7d47014","떡볶이떡","1","봉","false",
"b62af36d-1384-5a4a-a747-35fa2bc1e190","99b72307-f98a-588c-a067-cb13522ba956","7e571cf4-2dd4-555a-a061-8d562471268b","고추장","1",,"false",
"f9be1fa3-16cf-554f-a2ab-5936ead0174f","99b72307-f98a-588c-a067-cb13522ba956","e2ace7ac-a8ad-5f75-aa94-7f0224836edd","어묵","1","g","false",
"a0d31b91-0a04-56aa-a0b6-835b57fdcf85","066e5aa8-9120-52ed-a05c-05a3e3520157","0fd03224-6727-5bfc-a85b-d2cde7d47014","떡볶이떡","1","봉","false",
"2a7e5170-5939-5c97-a70b-8a275dce9ad8","066e5aa8-9120-52ed-a05c-05a3e3520157","7e571cf4-2dd4-555a-a061-8d562471268b","고추장","1",,"false",
"7c93d9ab-d70f-52e7-a4b6-eaeb772c4187","066e5aa8-9120-52ed-a05c-05a3e3520157","e2ace7ac-a8ad-5f75-aa94-7f0224836edd","어묵","1","g","false",
"7e34bfcf-87c4-5d8a-afad-de001166d5db","066e5aa8-9120-52ed-a05c-05a3e3520157","74e75ad3-e6fd-50c5-ab10-bd85837d7a71","대파","1","개","false",
"629061f6-6875-5d05-acf3-710b4d7dbe90","1f6fab08-1427-54d8-a268-edc0fd18e0d2","0e784040-78f2-5daf-a1fa-5b3acc195402","소면","1","봉","false",
"af2a6366-fa0b-59a8-a9d1-1c3f1a5176dd","1f6fab08-1427-54d8-a268-edc0fd18e0d2","e98bde9b-25a7-571f-aa02-68f40a064d30","김치","1","개","false",
"cda9e6a1-a97f-54af-a044-26ce5728f7cf","1f6fab08-1427-54d8-a268-edc0fd18e0d2","321d4ec6-8fb3-599a-ac8a-27b21bf057fd","오이","1","개","false",
"b8173ac5-61c1-5147-af92-5dcf165571cb","1f6fab08-1427-54d8-a268-edc0fd18e0d2","987ac24a-1b09-5add-a85a-9775a04c339f","식초","1",,"false",
"45c323be-0383-5ee6-a484-ea3154f4c254","6c01b93a-8a23-5fe3-a8be-0d80f7dd8294","60ebfc4b-5279-5976-af2a-fa04cb48241e","칼국수면","1","봉","false",
"06599cc2-7be3-5267-a312-a57451c2875d","6c01b93a-8a23-5fe3-a8be-0d80f7dd8294","253eb0fb-694b-50a6-a1ff-b8e0bb05c837","들깨가루","1",,"false",
"0b1084e6-e6dc-50cd-af5c-6204a869fa0b","6c01b93a-8a23-5fe3-a8be-0d80f7dd8294","c6bb5307-a7da-5d79-a321-177962dca843","버섯","1","g","false",
"179d4fcd-f1c4-5866-ae56-b36801836b46","6c01b93a-8a23-5fe3-a8be-0d80f7dd8294","74e75ad3-e6fd-50c5-ab10-bd85837d7a71","대파","1","개","false",
"95da6a67-5dcc-5fa5-a12c-dcc5b093df19","f23c10c2-0052-5b09-a60b-9e0a89d04b8b","946420cb-92ad-59d8-a76b-23bf82117628","우동면","1","봉","false",
"38761003-9e31-50ec-a3c1-d30b5638be28","f23c10c2-0052-5b09-a60b-9e0a89d04b8b","a949f239-06ee-5c6b-abee-1a55614a1c61","유부","1","개","false",
"31adfb6a-e87a-58d3-af7b-f8eeec81eaf6","f23c10c2-0052-5b09-a60b-9e0a89d04b8b","74e75ad3-e6fd-50c5-ab10-bd85837d7a71","대파","1","개","false",
"cd80d5f8-0615-5130-a122-4ee48356a86a","f23c10c2-0052-5b09-a60b-9e0a89d04b8b","71a92339-42db-5de8-aa16-ce1e983bfb53","간장","1",,"false",
"c62e72bc-3e5c-549a-a6e6-3c1717730676","24c8968b-f499-58a1-ad77-49f6437d7e39","73de1c78-34f5-5bf8-a3ef-2052107a7860","달걀","1",,"false",
"1ace84ce-7ec3-57d9-a068-673517d58dc3","24c8968b-f499-58a1-ad77-49f6437d7e39","74e75ad3-e6fd-50c5-ab10-bd85837d7a71","대파","1","개","false",
"0afb3eb5-bdf4-5d5e-a496-cf949238b696","24c8968b-f499-58a1-ad77-49f6437d7e39","1f962203-6e89-5d18-ac5c-0700b39b70e1","당근","1","개","false",
"15fc8aa6-ae1a-58da-a481-e6ad47d52f6d","24c8968b-f499-58a1-ad77-49f6437d7e39","53b23418-40cf-5c35-ac58-0c0178bd4888","소금","1",,"false",
"08540f52-1f71-593c-a653-944a90f75faa","8333ab23-8908-5ff6-ade6-1f18f6d018ba","73de1c78-34f5-5bf8-a3ef-2052107a7860","달걀","1",,"false",
"84d472b9-5cb0-5cc9-a488-eb0b10f37463","8333ab23-8908-5ff6-ade6-1f18f6d018ba","74e75ad3-e6fd-50c5-ab10-bd85837d7a71","대파","1","개","false",
"1b716223-d1a0-50c4-a304-754433df548a","8333ab23-8908-5ff6-ade6-1f18f6d018ba","1b5711fb-faf5-521d-a33f-3c44a6f8bcf3","물","1","개","false",
"41d359cf-b017-5bf5-ad57-a197aa739762","8333ab23-8908-5ff6-ade6-1f18f6d018ba","53b23418-40cf-5c35-ac58-0c0178bd4888","소금","1",,"false",
"ac574664-7272-582f-aefa-5750ce8e5595","7c0874f1-2657-54c8-a617-9ecc4d2d4fc9","e98bde9b-25a7-571f-aa02-68f40a064d30","김치","1","개","false",
"2f8bbdfd-1149-5841-a2f7-00838c689aef","7c0874f1-2657-54c8-a617-9ecc4d2d4fc9","9affd5cb-cc23-52bb-a3cd-d6ea07ec2d3d","부침가루","1",,"false",
"ec16ca2b-762c-5bdd-a342-e05dca1927fe","7c0874f1-2657-54c8-a617-9ecc4d2d4fc9","73de1c78-34f5-5bf8-a3ef-2052107a7860","달걀","1",,"false",
"17497282-bfff-5b49-a75c-5c192ee9b5a6","7c0874f1-2657-54c8-a617-9ecc4d2d4fc9","74e75ad3-e6fd-50c5-ab10-bd85837d7a71","대파","1","개","false",
"f97fec6b-abf7-5f6a-af5a-56947045cc0d","e59a3507-7e37-5e2d-a20a-1798c68c5777","4df6b8a2-0a05-5fe7-a3d8-5294efb25af3","부추","1","g","false",
"8707b85c-5b1b-5401-aea8-60307db6ec29","e59a3507-7e37-5e2d-a20a-1798c68c5777","9affd5cb-cc23-52bb-a3cd-d6ea07ec2d3d","부침가루","1",,"false",
"997bf5c2-fa2b-5f1e-a9c3-17a9aa2607de","e59a3507-7e37-5e2d-a20a-1798c68c5777","73de1c78-34f5-5bf8-a3ef-2052107a7860","달걀","1",,"false",
"6e7eb613-b36e-5b34-af73-0b4b10473c5c","e59a3507-7e37-5e2d-a20a-1798c68c5777","f15b1235-1488-59e1-ad2c-e211b6e6e7d0","양파","1","개","false",
"06f60d8e-d694-53d3-aad6-f789ace0ab98","57f460a2-45d0-58c0-a1db-e00ba3d2bd8e","eed38381-5997-57d0-a926-e89b837b331f","감자","1","개","false",
"9ba8dc66-4ed3-5447-a22e-07f0d19a4b5b","57f460a2-45d0-58c0-a1db-e00ba3d2bd8e","b58c8329-f963-5d0e-af0c-0a1fe5adfca5","전분","1",,"false",
"2c2422d3-1a8a-520d-aac5-40292fc312ef","57f460a2-45d0-58c0-a1db-e00ba3d2bd8e","53b23418-40cf-5c35-ac58-0c0178bd4888","소금","1",,"false",
"c573d301-7382-5dbc-ae58-f7e2321b4464","57f460a2-45d0-58c0-a1db-e00ba3d2bd8e","35c4c0c0-d3fa-5e6a-a001-61edb0ffa0b4","식용유","1",,"false",
"257fa7a6-3a28-5604-a9c2-e38d41be6c42","889ba59d-f2d2-560d-a1f7-e7fa39ba3155","6a30766e-3657-58d7-a799-81570838ea67","쪽파","1","g","false",
"5799a98b-ac53-585d-a3d3-0f99891e71bc","889ba59d-f2d2-560d-a1f7-e7fa39ba3155","4c0d70aa-a5ca-57d8-a34f-062268b85378","냉동해물믹스","1","봉","false",
"2c89a731-a879-5025-acee-a9e95c211286","889ba59d-f2d2-560d-a1f7-e7fa39ba3155","9affd5cb-cc23-52bb-a3cd-d6ea07ec2d3d","부침가루","1",,"false",
"7010b2a3-c054-5231-aa69-8ece9067e4b9","889ba59d-f2d2-560d-a1f7-e7fa39ba3155","73de1c78-34f5-5bf8-a3ef-2052107a7860","달걀","1",,"false",
"7b0006c0-a71b-55b3-aabd-e5cce772d394","26a2f3ca-8ac5-5491-a0a1-76e19a56d0f6","98f038ec-b21d-5f97-ae7c-08104685ce06","두부","1","개","false",
"353192fe-11d0-5e13-a7e7-e6e87c597848","26a2f3ca-8ac5-5491-a0a1-76e19a56d0f6","35c4c0c0-d3fa-5e6a-a001-61edb0ffa0b4","식용유","1",,"false",
"e216ea7d-8cc0-5fb1-ac11-96fd3f64e186","26a2f3ca-8ac5-5491-a0a1-76e19a56d0f6","71a92339-42db-5de8-aa16-ce1e983bfb53","간장","1",,"false",
"83afc756-5b52-53b9-a20d-ab246a091ab8","26a2f3ca-8ac5-5491-a0a1-76e19a56d0f6","74e75ad3-e6fd-50c5-ab10-bd85837d7a71","대파","1","개","false",
"4750cd97-ed03-584f-a7b3-2946649b26fd","790c5236-628a-5fd8-a4e7-cd8b504724b8","d1b2aac2-c5d2-5d6c-a924-136d4d37e981","애호박","1","개","false",
"5dc67a0f-5421-5197-afd8-b63258f2d070","790c5236-628a-5fd8-a4e7-cd8b504724b8","73de1c78-34f5-5bf8-a3ef-2052107a7860","달걀","1",,"false",
"708ee030-8bd2-59a3-a3f2-feca4d3e3952","790c5236-628a-5fd8-a4e7-cd8b504724b8","d7ac5f09-cad7-5aba-abe9-1b1b3f508d2b","밀가루","1",,"false",
"3dc0fefd-931e-51b4-ad32-b81cf69fefaa","790c5236-628a-5fd8-a4e7-cd8b504724b8","53b23418-40cf-5c35-ac58-0c0178bd4888","소금","1",,"false",
"25064c5a-268e-520e-a53c-d64fd77782f6","b1baf81e-ef91-5fae-a307-a1a0c69dc1c6","9fa69035-1b19-5dd7-a5fd-a7cf20ef9756","고등어","1","g","false",
"6815e167-aae6-5f0d-a96f-de1baa2ce5ea","b1baf81e-ef91-5fae-a307-a1a0c69dc1c6","53b23418-40cf-5c35-ac58-0c0178bd4888","소금","1",,"false",
"254183d3-b3c9-54fc-a5dd-29bf37ac0368","b1baf81e-ef91-5fae-a307-a1a0c69dc1c6","35c4c0c0-d3fa-5e6a-a001-61edb0ffa0b4","식용유","1",,"false",
"89784792-e157-5a0f-ae24-4104155ed1a1","3f90ae9a-98f7-5c2b-a4b0-fda756746e3a","849f3626-82ee-5dae-aa3b-72a8aaef8aab","삼치","1","g","false",
"e164274e-6d5f-528b-ad30-bd36fa93984d","3f90ae9a-98f7-5c2b-a4b0-fda756746e3a","53b23418-40cf-5c35-ac58-0c0178bd4888","소금","1",,"false",
"e674a3de-8504-55eb-a30e-6ab6c458c745","3f90ae9a-98f7-5c2b-a4b0-fda756746e3a","35c4c0c0-d3fa-5e6a-a001-61edb0ffa0b4","식용유","1",,"false",
"ef729a3c-35e9-5428-a748-cbabb0cb65e2","95c219c9-baa2-56cf-a0f1-097f52fc659c","984c94c5-0a65-5b80-a24c-d41f04084a32","갈치","1","g","false",
"2414af69-bdbb-51c8-ad14-75a00cfe9d89","95c219c9-baa2-56cf-a0f1-097f52fc659c","ed9cd8b9-438a-5d39-a357-eabf80382141","무","1","개","false",
"b3f1198c-cd03-575c-acc1-74f6abe77ccc","95c219c9-baa2-56cf-a0f1-097f52fc659c","71a92339-42db-5de8-aa16-ce1e983bfb53","간장","1",,"false",
"c7ea11da-b8ed-57d3-afb9-0ad7c9933a04","95c219c9-baa2-56cf-a0f1-097f52fc659c","6c28ecb6-957c-580d-a995-d88c889163b8","고춧가루","1",,"false",
"05fb5a7b-8dc2-59fb-a5db-25ab294edf31","f0077e39-18f2-54e8-abf5-fa1c61814b8f","9fa69035-1b19-5dd7-a5fd-a7cf20ef9756","고등어","1","g","false",
"e692783e-5453-5b37-a6dd-276021240066","f0077e39-18f2-54e8-abf5-fa1c61814b8f","ed9cd8b9-438a-5d39-a357-eabf80382141","무","1","개","false",
"1ccd1c8f-3fc4-55cb-a2af-e45ad37fccec","f0077e39-18f2-54e8-abf5-fa1c61814b8f","71a92339-42db-5de8-aa16-ce1e983bfb53","간장","1",,"false",
"09631cda-a7fc-5db1-ad15-bd7b789e8f73","f0077e39-18f2-54e8-abf5-fa1c61814b8f","6c28ecb6-957c-580d-a995-d88c889163b8","고춧가루","1",,"false",
"2d2f1199-0e8f-5eca-a7c3-6fd62c86f355","ccca256b-f291-5429-a610-055c3968aa79","552a8329-5cef-59bd-ac06-96222daed364","연어","1","g","false",
"bc52b500-6ad2-5c78-ab7b-2a6d1a68ff17","ccca256b-f291-5429-a610-055c3968aa79","b8dee7c3-c96a-517c-afce-139a75207b44","올리브유","1",,"false",
"6be63443-c9ab-51a6-aee6-7737b4ea8699","ccca256b-f291-5429-a610-055c3968aa79","0cdac9b6-2ee7-5321-a0ef-8e5b21ffe7b4","레몬","1","개","false",
"92534b87-602b-5d14-a03b-e985a4560bd2","ccca256b-f291-5429-a610-055c3968aa79","53b23418-40cf-5c35-ac58-0c0178bd4888","소금","1",,"false",
"fd921cb5-7ec2-5f94-a4a3-9a0efec15685","ef1f1e4b-5800-50f5-abef-98cb4bbf3366","44658d17-ce25-5485-a1f3-84dc7b013827","닭가슴살","1","g","false",
"c10254b3-de8b-5df4-a4bf-7c4caf225716","ef1f1e4b-5800-50f5-abef-98cb4bbf3366","b8dee7c3-c96a-517c-afce-139a75207b44","올리브유","1",,"false",
"72f31b8d-6fda-5e28-af74-5b5fa73bbfba","ef1f1e4b-5800-50f5-abef-98cb4bbf3366","84958796-3f90-505d-ac2a-00845d41498c","후추","1",,"false",
"29b9a9b1-aea6-56ba-a0b9-6621b07c3e87","ef1f1e4b-5800-50f5-abef-98cb4bbf3366","53b23418-40cf-5c35-ac58-0c0178bd4888","소금","1",,"false",
"5185d76a-ad2d-53d0-a364-5f1dd17d9154","1d70ecfe-82d9-5456-a007-7da0978977e0","12a5bd8f-9b26-55de-a0c5-5cfaa5d7171d","삼겹살","1","g","false",
"84e7622d-9249-5223-a2df-ec4677a2d1d5","1d70ecfe-82d9-5456-a007-7da0978977e0","489718a1-9ce7-5bea-af8c-642995c48eb4","마늘","1","g","false",
"4b8cadd1-388d-525a-a995-f46640d8e9e1","1d70ecfe-82d9-5456-a007-7da0978977e0","2d292104-44f3-53e0-a74a-3028e878c3d0","상추","1","g","false",
"fc60923b-b27f-52b7-ae7d-83542736dc7c","1d70ecfe-82d9-5456-a007-7da0978977e0","b2c747d3-658c-5e47-a11c-f72986f6bf98","쌈장","1",,"false",
"3a9dd69b-f291-5807-a0d1-b6932ca94b31","b81afbc8-1618-574e-a40b-71da66d1b591","ea8e4dd4-12ee-51bf-a9f1-d56846d052c2","앞다리살","1","g","false",
"a46778f2-d10f-5957-abaf-7026f3fcdff0","b81afbc8-1618-574e-a40b-71da66d1b591","77f72f8c-b3c3-5606-a8b2-0131965dee5e","된장","1",,"false",
"5f332a81-40e6-5792-a88a-c06e055e1600","b81afbc8-1618-574e-a40b-71da66d1b591","489718a1-9ce7-5bea-af8c-642995c48eb4","마늘","1","g","false",
"81ff1684-11ec-5b13-ab21-caa10e480ba0","b81afbc8-1618-574e-a40b-71da66d1b591","b9c33969-c889-5800-a771-58221f1905c1","배추","1","개","false",
"39d14c53-018d-56b1-a394-00bb86d978f9","2919ab53-469f-52ac-ac8c-78a2856e69bd","a359e6ff-b972-5c98-a622-caa6abf15635","돼지고기","1","g","false",
"f327efeb-8651-5e67-a810-892ccbbe8e2a","2919ab53-469f-52ac-ac8c-78a2856e69bd","71a92339-42db-5de8-aa16-ce1e983bfb53","간장","1",,"false",
"8855197b-70a9-50cd-a695-f8e075055c3b","2919ab53-469f-52ac-ac8c-78a2856e69bd","f15b1235-1488-59e1-ad2c-e211b6e6e7d0","양파","1","개","false",
"77c9365d-757f-505d-a239-64d3dc2b21d3","2919ab53-469f-52ac-ac8c-78a2856e69bd","74e75ad3-e6fd-50c5-ab10-bd85837d7a71","대파","1","개","false",
"3d852384-55c6-57a6-aa7e-29ac34afcb86","7db4fcf1-cfe2-55a1-a35f-d23192d7df29","12ec3a97-627f-5a48-a9c7-e6f0d247ad76","닭다리","1","g","false",
"9f7be0c3-f66f-5269-aead-e8cec6f04c4a","7db4fcf1-cfe2-55a1-a35f-d23192d7df29","7e571cf4-2dd4-555a-a061-8d562471268b","고추장","1",,"false",
"d3b6fc0d-a2e8-590b-a349-c753f0cb23c1","7db4fcf1-cfe2-55a1-a35f-d23192d7df29","ac3c18ff-0530-5717-aa15-10671eaa21aa","양배추","1","개","false",
"003978ca-6c88-50f0-a7dc-120fe8a1de8d","7db4fcf1-cfe2-55a1-a35f-d23192d7df29","13777ab5-c179-570c-a702-95fe70bcc6e0","고구마","1","개","false",
"bd1b6e14-d96d-5c95-a75e-344f0a488639","09de155a-8a8a-5c93-aeaa-5bf3948648de","44658d17-ce25-5485-a1f3-84dc7b013827","닭가슴살","1","g","false",
"b4d6d052-f184-576d-a31e-766ea3fa6280","09de155a-8a8a-5c93-aeaa-5bf3948648de","3c3311f0-bd67-52f7-a0f6-6ffb9ee8a0bc","튀김가루","1",,"false",
"26fbcc33-8fca-5268-a87e-b1c6bd721133","09de155a-8a8a-5c93-aeaa-5bf3948648de","7e571cf4-2dd4-555a-a061-8d562471268b","고추장","1",,"false",
"b1e15784-2d88-52ab-aa53-6f87d176e1a4","09de155a-8a8a-5c93-aeaa-5bf3948648de","15c9d8b5-a8ff-51d0-a012-8cfed3126206","올리고당","1",,"false",
"29216edb-ce12-53c6-a44b-eaccf4c1fdd1","e3db7d61-a1a3-55da-abc6-a9d366032ff4","08c14764-fbdd-589a-ac84-de052d99792c","당면","1","봉","false",
"4aff07e7-f241-55ff-a55e-4e4a4d19bdc8","e3db7d61-a1a3-55da-abc6-a9d366032ff4","26d9729c-f984-5cdc-afb3-d00b20af8742","소고기","1","g","false",
"2cf63c71-7fec-58ff-a6be-cb9ea7fcd3e3","e3db7d61-a1a3-55da-abc6-a9d366032ff4","7bfe489d-67f0-571e-a213-70058b7a74eb","시금치","1","g","false",
"049768a8-77e7-5f8f-a14d-2ef1294ba181","e3db7d61-a1a3-55da-abc6-a9d366032ff4","1f962203-6e89-5d18-ac5c-0700b39b70e1","당근","1","개","false",
"1256ecd4-9e83-5c0c-aa46-1e44ff90be74","1ee3618d-f403-575a-aab1-f113f0cb3dbe","ef40a5b9-8db8-5b0e-af76-86b51e6d23b0","콩나물","1","g","false",
"16c51a43-fc8c-545e-a8d7-6127f243e2b9","1ee3618d-f403-575a-aab1-f113f0cb3dbe","74e75ad3-e6fd-50c5-ab10-bd85837d7a71","대파","1","개","false",
"ad478d3f-d1e6-5ecf-a22d-8e33161f81fa","1ee3618d-f403-575a-aab1-f113f0cb3dbe","220d2350-548c-52b1-aa81-656884b53f58","참기름","1",,"false",
"41a7d4ef-4351-5e48-abdf-333872deff14","1ee3618d-f403-575a-aab1-f113f0cb3dbe","56b26728-0ff9-5471-ab17-c74d8dd338a8","깨","1",,"false",
"a10b1e80-ad56-582b-aee0-abf57c11bc0d","b1b193ef-5d12-5b94-a306-31753ed1cea7","7bfe489d-67f0-571e-a213-70058b7a74eb","시금치","1","g","false",
"29167a53-4b9e-5b0a-a201-2a614583644b","b1b193ef-5d12-5b94-a306-31753ed1cea7","71a92339-42db-5de8-aa16-ce1e983bfb53","간장","1",,"false",
"aec71f04-629f-50ee-a94d-a26a07f78295","b1b193ef-5d12-5b94-a306-31753ed1cea7","220d2350-548c-52b1-aa81-656884b53f58","참기름","1",,"false",
"c674206f-ddaa-54fa-a9ac-eb0a7a0bdfcf","b1b193ef-5d12-5b94-a306-31753ed1cea7","56b26728-0ff9-5471-ab17-c74d8dd338a8","깨","1",,"false",
"f46a8978-a698-5dc1-a6f4-9c3247e48dde","cdd50555-c364-5337-ae2b-b40a5143d85e","321d4ec6-8fb3-599a-ac8a-27b21bf057fd","오이","1","개","false",
"1dcbf7fe-8a7c-59c8-a0ed-03f0fec94ad9","cdd50555-c364-5337-ae2b-b40a5143d85e","6c28ecb6-957c-580d-a995-d88c889163b8","고춧가루","1",,"false",
"2dc3adc5-357a-58c6-a66a-96bca6a926d2","cdd50555-c364-5337-ae2b-b40a5143d85e","987ac24a-1b09-5add-a85a-9775a04c339f","식초","1",,"false",
"ecb7b7a3-c5ae-5996-a9e9-463a72c4aac9","cdd50555-c364-5337-ae2b-b40a5143d85e","74e75ad3-e6fd-50c5-ab10-bd85837d7a71","대파","1","개","false",
"285a78b4-3232-5077-af84-c6fa89f72659","026c7e75-5ebf-5b7b-a76a-3d9f58f545e5","ed9cd8b9-438a-5d39-a357-eabf80382141","무","1","개","false",
"8e207e46-d3a0-59d7-a01c-1990c8473338","026c7e75-5ebf-5b7b-a76a-3d9f58f545e5","6c28ecb6-957c-580d-a995-d88c889163b8","고춧가루","1",,"false",
"3c116202-2ab7-5b90-a28c-9e38b2c989ac","026c7e75-5ebf-5b7b-a76a-3d9f58f545e5","987ac24a-1b09-5add-a85a-9775a04c339f","식초","1",,"false",
"3df8cb07-430d-5945-ad54-a40078ee9080","026c7e75-5ebf-5b7b-a76a-3d9f58f545e5","74e75ad3-e6fd-50c5-ab10-bd85837d7a71","대파","1","개","false",
"d5729e2c-c3a4-5d45-a0f1-2040a3028d59","f0c8fdb5-96ed-580c-ae51-23bb077864af","e7f37a3a-609b-5a1a-aaad-c4ba2bdd20ce","가지","1","개","false",
"8d22329f-a738-5dfe-a587-edc58f483b23","f0c8fdb5-96ed-580c-ae51-23bb077864af","71a92339-42db-5de8-aa16-ce1e983bfb53","간장","1",,"false",
"c088cc72-acfd-550b-a778-a862b37ed71f","f0c8fdb5-96ed-580c-ae51-23bb077864af","74e75ad3-e6fd-50c5-ab10-bd85837d7a71","대파","1","개","false",
"c0fac1ed-3f00-58ab-a015-137a8bcb64d9","f0c8fdb5-96ed-580c-ae51-23bb077864af","489718a1-9ce7-5bea-af8c-642995c48eb4","마늘","1","g","false",
"5fcf8901-bd5d-56d7-afa2-d78c2c6aeb87","a3f8027d-0ce3-5d5d-a93b-9ed1ff0c0071","d1b2aac2-c5d2-5d6c-a924-136d4d37e981","애호박","1","개","false",
"9a1b4436-3ec1-5f68-aa53-4a4dc5cdf1f1","a3f8027d-0ce3-5d5d-a93b-9ed1ff0c0071","b5cadb5a-2af6-5e37-a807-96e027486820","새우","1","g","false",
"54c61899-31fc-577b-aac9-8d74ec7696b0","a3f8027d-0ce3-5d5d-a93b-9ed1ff0c0071","74e75ad3-e6fd-50c5-ab10-bd85837d7a71","대파","1","개","false",
"5a8a3b5b-f22b-5f52-a595-fef67001da56","a3f8027d-0ce3-5d5d-a93b-9ed1ff0c0071","220d2350-548c-52b1-aa81-656884b53f58","참기름","1",,"false",
"e006c951-e8fe-5e88-a322-27b1ba4218e3","822f1e06-adfb-53d7-a4bd-40b8bdc6b18e","1f50b468-9b30-53dd-ada0-bc006d934cf6","멸치","1","g","false",
"79e05772-5d79-52b4-af00-c5e5438c7baf","822f1e06-adfb-53d7-a4bd-40b8bdc6b18e","71a92339-42db-5de8-aa16-ce1e983bfb53","간장","1",,"false",
"b374268b-e594-526b-a4ad-76eb9994db3e","822f1e06-adfb-53d7-a4bd-40b8bdc6b18e","15c9d8b5-a8ff-51d0-a012-8cfed3126206","올리고당","1",,"false",
"76cf73b3-673c-50f2-ad24-f70d472c5b79","822f1e06-adfb-53d7-a4bd-40b8bdc6b18e","56b26728-0ff9-5471-ab17-c74d8dd338a8","깨","1",,"false",
"95564936-d174-5335-a7da-4f88fe7df298","c76fe37a-9b10-5bd4-a582-89f02ebf5656","f5cec1e2-84d7-5612-a1c2-5dcaf7376a4b","진미채","1","g","false",
"fca7cd0a-dad5-5b33-a3c9-05852c8e158f","c76fe37a-9b10-5bd4-a582-89f02ebf5656","7e571cf4-2dd4-555a-a061-8d562471268b","고추장","1",,"false",
"59b3e5b7-ab4e-5f2c-a6d1-3ba89f613c6a","c76fe37a-9b10-5bd4-a582-89f02ebf5656","09303d52-fa0a-5aa9-a6b6-93d1a9274857","마요네즈","1",,"false",
"f75aa585-be18-5bc1-a4bd-2be29300a68f","c76fe37a-9b10-5bd4-a582-89f02ebf5656","15c9d8b5-a8ff-51d0-a012-8cfed3126206","올리고당","1",,"false",
"829486ae-db0b-57b8-af4b-27a2463fc5e2","8be27201-42be-5949-aeb2-caad6f23687c","eed38381-5997-57d0-a926-e89b837b331f","감자","1","개","false",
"06b878a3-7ae5-56ba-a756-7ccfa56fc783","8be27201-42be-5949-aeb2-caad6f23687c","1f962203-6e89-5d18-ac5c-0700b39b70e1","당근","1","개","false",
"f76d8573-5839-5bff-a92d-689586601cb3","8be27201-42be-5949-aeb2-caad6f23687c","f15b1235-1488-59e1-ad2c-e211b6e6e7d0","양파","1","개","false",
"8300fbec-a1af-5354-a75f-4ec35f8ad6e6","8be27201-42be-5949-aeb2-caad6f23687c","53b23418-40cf-5c35-ac58-0c0178bd4888","소금","1",,"false",
"d9ca4bd7-66dd-5da7-aac2-dc7776f8b9a0","398aa7e6-fb92-5665-a307-fe65639c645b","d4e51103-c9d5-5026-a7df-df32e912c017","식빵","1","개","false",
"70b632be-0d25-5fb0-ab3b-0eeecf94c21e","398aa7e6-fb92-5665-a307-fe65639c645b","95a35a9c-0355-582f-a0b7-ea63e95a4df9","햄","1","g","false",
"63b55480-885b-5309-a687-6b5bb0788e63","398aa7e6-fb92-5665-a307-fe65639c645b","a98fc784-1a23-5c4e-a5ea-03587a2762aa","슬라이스치즈","1",,"false",
"1e82447b-8b1e-54c5-a7eb-71d78c99c794","398aa7e6-fb92-5665-a307-fe65639c645b","2d292104-44f3-53e0-a74a-3028e878c3d0","상추","1","g","false",
"b7b9c0e6-ce52-57c0-ac3d-ef6b63b7f28d","07f4aa5a-f6e2-54f5-a9c0-61d9c33ac122","d4e51103-c9d5-5026-a7df-df32e912c017","식빵","1","개","false",
"2c716b5e-1b0b-5998-add7-b1c3f5324038","07f4aa5a-f6e2-54f5-a9c0-61d9c33ac122","73de1c78-34f5-5bf8-a3ef-2052107a7860","달걀","1",,"false",
"476adfcf-4f2a-524f-a587-82722fae18a1","07f4aa5a-f6e2-54f5-a9c0-61d9c33ac122","1ba2a345-3346-5036-a9dc-b9c673bad0e0","우유","1",,"false",
"0d0ff32a-3da6-5470-a5fb-17e2a7e1bae8","07f4aa5a-f6e2-54f5-a9c0-61d9c33ac122","a6662676-4984-5518-aab0-73019d29f56b","버터","1",,"false",
"fabc8e04-75f8-530d-a65c-77187403272b","67876e4c-78bc-5a83-a0f3-3834ab771a9b","5a71e316-3a87-588b-afc7-b33f477fc33e","스파게티면","1","봉","false",
"cd7591d8-47a8-5061-aeec-cfa644758976","67876e4c-78bc-5a83-a0f3-3834ab771a9b","f4c28ad3-8b06-5469-a5c7-b4da7f523d90","토마토소스","1",,"false",
"66be0be2-621e-5e4f-ae36-cfb5b134eea4","67876e4c-78bc-5a83-a0f3-3834ab771a9b","489718a1-9ce7-5bea-af8c-642995c48eb4","마늘","1","g","false",
"7b062fb4-eb53-5ee6-ae77-f0baca495def","67876e4c-78bc-5a83-a0f3-3834ab771a9b","b8dee7c3-c96a-517c-afce-139a75207b44","올리브유","1",,"false",
"2c39a731-4b74-5928-aef6-2353ff353143","38d897ce-670b-5fd2-a440-297eb3521790","f92388b8-8d01-5be4-a0fe-c355b34deedd","파스타면","1","봉","false",
"4176fbf7-3f42-59d2-a2b6-4825a1d44d63","38d897ce-670b-5fd2-a440-297eb3521790","39c23786-78a0-5eeb-acec-12ba5a4e5e15","생크림","1",,"false",
"51e4972d-2f10-5568-a31b-e8f4e4711698","38d897ce-670b-5fd2-a440-297eb3521790","489718a1-9ce7-5bea-af8c-642995c48eb4","마늘","1","g","false",
"7c2eb581-3ff4-5682-a6f7-78b693893418","38d897ce-670b-5fd2-a440-297eb3521790","8a0f0317-2134-5543-ad6b-9f5b0984f6bb","베이컨","1","g","false",
"6aa1abaa-bd44-5570-a8be-a1978376a820","d74dc37d-1911-5134-a3e9-b06883209869","5a71e316-3a87-588b-afc7-b33f477fc33e","스파게티면","1","봉","false",
"30c0cd93-2fb1-5296-a159-b45e11f9af02","d74dc37d-1911-5134-a3e9-b06883209869","489718a1-9ce7-5bea-af8c-642995c48eb4","마늘","1","g","false",
"ade2c6b2-362c-5351-ad83-f42695c519fd","d74dc37d-1911-5134-a3e9-b06883209869","b8dee7c3-c96a-517c-afce-139a75207b44","올리브유","1",,"false",
"cbebf5a6-a959-53d5-aaf3-3f0018845ecf","d74dc37d-1911-5134-a3e9-b06883209869","361b427f-3622-52ed-ae9b-265ea5651f22","청양고추","1","개","false",
"02ed0cae-a9a1-5f17-a192-1ddaf7ce1a54","a3bf820d-7947-591d-aafe-58277c8e6063","b5cadb5a-2af6-5e37-a807-96e027486820","새우","1","g","false",
"429370c3-1fc7-5da3-a168-fedc38a673c3","a3bf820d-7947-591d-aafe-58277c8e6063","489718a1-9ce7-5bea-af8c-642995c48eb4","마늘","1","g","false",
"564852fe-a12e-5965-aa9d-3933858ce7f1","a3bf820d-7947-591d-aafe-58277c8e6063","b8dee7c3-c96a-517c-afce-139a75207b44","올리브유","1",,"false",
"9ac081d3-7334-57af-aa13-7dad5deeb457","a3bf820d-7947-591d-aafe-58277c8e6063","998b4a25-3ea7-53de-a327-6a45e4e1da94","바게트","1","개","false",
"da14fcff-192f-5625-a71a-24893015608d","80b5ab38-c2ee-56fb-a124-6d2fd00f7133","44658d17-ce25-5485-a1f3-84dc7b013827","닭가슴살","1","g","false",
"6db3ae28-4f4d-523d-abfc-40a4c0344e39","80b5ab38-c2ee-56fb-a124-6d2fd00f7133","a9983976-d722-5d7a-a9f0-d0137ed868f0","샐러드채소","1","g","false",
"fecb4e86-83d7-5a8e-a879-ed9c66eace38","80b5ab38-c2ee-56fb-a124-6d2fd00f7133","25901aba-0bf7-5058-aecc-69c9c070b303","방울토마토","1","개","false",
"c3ca08a5-2227-5d18-afa2-1f919742ec0b","80b5ab38-c2ee-56fb-a124-6d2fd00f7133","b8dee7c3-c96a-517c-afce-139a75207b44","올리브유","1",,"false",
"beefbc18-eef4-5e7c-acae-e68f2de6eb57","5da3f5d0-ffc4-589f-a0a0-e1abba8d3431","98f038ec-b21d-5f97-ae7c-08104685ce06","두부","1","개","false",
"c3ca1611-07cb-58d8-ae70-1546a7de4984","5da3f5d0-ffc4-589f-a0a0-e1abba8d3431","a9983976-d722-5d7a-a9f0-d0137ed868f0","샐러드채소","1","g","false",
"f4b65b27-52f0-50d4-a2b1-7c7122aa4520","5da3f5d0-ffc4-589f-a0a0-e1abba8d3431","25901aba-0bf7-5058-aecc-69c9c070b303","방울토마토","1","개","false",
"c1a14a31-cb8a-5466-a6f7-7503a20dfcb6","5da3f5d0-ffc4-589f-a0a0-e1abba8d3431","71a92339-42db-5de8-aa16-ce1e983bfb53","간장","1",,"false",
"71a7869a-524f-592a-a364-9479e7167a70","2ab4b016-9889-506e-a290-c7b2af896413","1a2002ba-8c05-5d77-a903-6729b82e83a4","요거트","1",,"false",
"aca66f7d-fdd3-562a-a3c4-ca3b9d77edbd","2ab4b016-9889-506e-a290-c7b2af896413","3ddd6e93-6b31-52ca-a985-f742feed957b","바나나","1","개","false",
"a3979d92-33f6-5df1-a493-15c87c00e010","2ab4b016-9889-506e-a290-c7b2af896413","9d18a259-a9a9-5b30-a1fa-467656bd9cb3","딸기","1","개","false",
"42c4116a-0dbb-5d90-a9e9-ddd6f6173b47","2ab4b016-9889-506e-a290-c7b2af896413","9f2ac6bb-c783-5472-a085-d5dd08a4acea","블루베리","1","g","false",
"c6b29ad1-c517-5a96-a497-2ed7896b947e","a5b4ed28-ee7d-54a2-a501-161c5c87ba0b","3ddd6e93-6b31-52ca-a985-f742feed957b","바나나","1","개","false",
"74db712b-e52d-5b9c-a07b-7373934de558","a5b4ed28-ee7d-54a2-a501-161c5c87ba0b","1ba2a345-3346-5036-a9dc-b9c673bad0e0","우유","1",,"false",
"bdbc4b6e-9e49-5d4e-a390-0c76b99c0bb0","a5b4ed28-ee7d-54a2-a501-161c5c87ba0b","9f82bec7-8360-59b0-aaa9-b8ad442a07f2","꿀","1",,"false",
"c454da16-3674-5095-a033-9c59c6308963","a5b4ed28-ee7d-54a2-a501-161c5c87ba0b","eb7fad1c-5190-565e-acd3-8257c0b3aec3","얼음","1","개","false",
"bd944ddc-f9cb-5413-a2c2-fe173dfb375e","452ad269-cf68-51d4-ae61-1100ce9b4498","9d18a259-a9a9-5b30-a1fa-467656bd9cb3","딸기","1","개","false",
"794a586a-1715-508a-ace2-6c25db402fae","452ad269-cf68-51d4-ae61-1100ce9b4498","1ba2a345-3346-5036-a9dc-b9c673bad0e0","우유","1",,"false",
"f0ac2a13-88d0-57b6-ae2d-5eba70502e6a","452ad269-cf68-51d4-ae61-1100ce9b4498","9f82bec7-8360-59b0-aaa9-b8ad442a07f2","꿀","1",,"false",
"6888fbcf-f231-5669-ad41-bcfb27d3cedd","452ad269-cf68-51d4-ae61-1100ce9b4498","eb7fad1c-5190-565e-acd3-8257c0b3aec3","얼음","1","개","false",
"745f5bf8-a5b0-57ef-aebe-f9316732d5a2","bb7296cd-153d-5453-abc7-967ecfadd20a","946420cb-92ad-59d8-a76b-23bf82117628","우동면","1","봉","false",
"988d7608-81b6-5438-a21c-8702c94425db","bb7296cd-153d-5453-abc7-967ecfadd20a","e98bde9b-25a7-571f-aa02-68f40a064d30","김치","1","개","false",
"5675331a-d700-5fc9-a47f-40572a7b819f","bb7296cd-153d-5453-abc7-967ecfadd20a","e2ace7ac-a8ad-5f75-aa94-7f0224836edd","어묵","1","g","false",
"c25cf344-9403-5906-a9d4-c162b14c7731","bb7296cd-153d-5453-abc7-967ecfadd20a","74e75ad3-e6fd-50c5-ab10-bd85837d7a71","대파","1","개","false",
"de076a8c-d5b0-5628-aa8e-4922bb596444","7dce9587-a52a-561e-af77-ae43d90af3ab","e2ace7ac-a8ad-5f75-aa94-7f0224836edd","어묵","1","g","false",
"40263802-9424-5c06-a331-eede1a14af79","7dce9587-a52a-561e-af77-ae43d90af3ab","ed9cd8b9-438a-5d39-a357-eabf80382141","무","1","개","false",
"abc7e0b5-57db-51d8-a56d-83830c1020af","7dce9587-a52a-561e-af77-ae43d90af3ab","74e75ad3-e6fd-50c5-ab10-bd85837d7a71","대파","1","개","false",
"5647cab1-373c-5381-a847-df2b68607898","7dce9587-a52a-561e-af77-ae43d90af3ab","71a92339-42db-5de8-aa16-ce1e983bfb53","간장","1",,"false",
"dc98987f-4f83-5902-ac0c-47c5e0cbf1f8","7014f945-8dca-558a-a0f6-e7f4bb6d970e","4d14ba31-b98f-5872-a4c6-54aae25b57ea","만두","1","개","false",
"c1022ce5-227e-5a09-abee-279f8dde313c","7014f945-8dca-558a-a0f6-e7f4bb6d970e","73de1c78-34f5-5bf8-a3ef-2052107a7860","달걀","1",,"false",
"58a7619f-4cd1-5557-a873-878118c0e155","7014f945-8dca-558a-a0f6-e7f4bb6d970e","74e75ad3-e6fd-50c5-ab10-bd85837d7a71","대파","1","개","false",
"069a726c-47b4-5709-ac98-4a4abb6c94ba","7014f945-8dca-558a-a0f6-e7f4bb6d970e","1fcd6796-5ac3-519f-af49-58f4278ae9a3","김","1","g","false",
"d227cbff-ff63-51c7-ade0-0b1d6f41e685","55c9e892-3172-572c-a7e8-6dc2f0a3af9d","1ba8841e-a026-541f-aee9-d12ed698f1b5","쌀","1",,"false",
"bd317c02-a1cf-5787-a80e-d77f2c9a300a","55c9e892-3172-572c-a7e8-6dc2f0a3af9d","44658d17-ce25-5485-a1f3-84dc7b013827","닭가슴살","1","g","false",
"58e07dea-1886-50ad-a3f3-96c31b6b1def","55c9e892-3172-572c-a7e8-6dc2f0a3af9d","1f962203-6e89-5d18-ac5c-0700b39b70e1","당근","1","개","false",
"e6b8a02f-c6e6-5078-a2e3-06c769ba4c98","55c9e892-3172-572c-a7e8-6dc2f0a3af9d","220d2350-548c-52b1-aa81-656884b53f58","참기름","1",,"false",
"6d8c8a74-e647-53b4-af7a-bf0212860023","4be46116-d177-5fee-a57a-bbbb78bbbe74","1ba8841e-a026-541f-aee9-d12ed698f1b5","쌀","1",,"false",
"f8e58522-120b-5f36-a8fd-8df0fbb40f43","4be46116-d177-5fee-a57a-bbbb78bbbe74","1f962203-6e89-5d18-ac5c-0700b39b70e1","당근","1","개","false",
"b32888fa-67c6-5106-afef-38475a422fd5","4be46116-d177-5fee-a57a-bbbb78bbbe74","d1b2aac2-c5d2-5d6c-a924-136d4d37e981","애호박","1","개","false",
"d06534aa-7648-57e1-a94f-7590688ae539","4be46116-d177-5fee-a57a-bbbb78bbbe74","c6bb5307-a7da-5d79-a321-177962dca843","버섯","1","g","false",
"1ac3eda3-34af-5165-aa21-425f9881e464","06780095-ab42-5710-afda-6a8e04c22828","1ba8841e-a026-541f-aee9-d12ed698f1b5","쌀","1",,"false",
"0d3394e9-adb9-54bf-a9e8-578d9908bb0f","06780095-ab42-5710-afda-6a8e04c22828","4f7918f1-3386-5693-a349-cf6777095309","전복","1","g","false",
"52406d8f-1dee-54a2-a82e-9936e9657693","06780095-ab42-5710-afda-6a8e04c22828","220d2350-548c-52b1-aa81-656884b53f58","참기름","1",,"false",
"cfbf5b61-42dc-58a3-a914-6b868422121d","06780095-ab42-5710-afda-6a8e04c22828","1f962203-6e89-5d18-ac5c-0700b39b70e1","당근","1","개","false",
"20eb2ff8-c916-5a19-abf6-20404c23bf3c","29c7cf2c-fb60-506a-a8b1-786d980cb548","e7e0e318-b31c-5fb3-a4e7-ae59571557f9","토마토","1","개","false",
"318bb2b5-5702-555b-a586-559b64f3a8c7","29c7cf2c-fb60-506a-a8b1-786d980cb548","73de1c78-34f5-5bf8-a3ef-2052107a7860","달걀","1",,"false",
"0ad84f16-6777-599a-aa15-b5010f04a048","29c7cf2c-fb60-506a-a8b1-786d980cb548","74e75ad3-e6fd-50c5-ab10-bd85837d7a71","대파","1","개","false",
"c1bc32b3-b9d2-5b2e-a63f-79034871b4fa","29c7cf2c-fb60-506a-a8b1-786d980cb548","53b23418-40cf-5c35-ac58-0c0178bd4888","소금","1",,"false",
"4f4c2d6d-d9bc-57d9-a54b-2d712f62dbb3","c7872d23-7960-5ff0-ae1c-06b801c08456","98f038ec-b21d-5f97-ae7c-08104685ce06","두부","1","개","false",
"aad89cba-6e09-5980-a227-0dd17bac7f2c","c7872d23-7960-5ff0-ae1c-06b801c08456","206b9bbf-d7c2-511c-acd9-60395ca60fe2","다진 돼지고기","1","g","false",
"45fd0be7-3357-5a34-afac-b3fa425da393","c7872d23-7960-5ff0-ae1c-06b801c08456","7e571cf4-2dd4-555a-a061-8d562471268b","고추장","1",,"false",
"6c6bd94c-cd1c-5f13-a5af-16e13237666a","c7872d23-7960-5ff0-ae1c-06b801c08456","74e75ad3-e6fd-50c5-ab10-bd85837d7a71","대파","1","개","false",
"3b1c4bea-5a8b-52cd-affa-755ead81565a","4548efe3-8d9e-56b5-a49c-f171401c5a34","8090eb62-1448-5cea-a4f3-5479bc7ad877","소시지","1","g","false",
"824bf0a2-a7fa-5c6c-af11-161a57fe6094","4548efe3-8d9e-56b5-a49c-f171401c5a34","f15b1235-1488-59e1-ad2c-e211b6e6e7d0","양파","1","개","false",
"a2d34528-ab8e-531d-ac46-b85aadf53d87","4548efe3-8d9e-56b5-a49c-f171401c5a34","507728da-6152-5f99-ad27-cf296e6993b1","파프리카","1","개","false",
"7a793229-e276-539d-a9d7-3239cbc09ca7","4548efe3-8d9e-56b5-a49c-f171401c5a34","0b769a96-d66b-5c60-a387-8b9b7a637a2a","케첩","1",,"false",
"47fc0a89-7612-562f-a071-f0366a6d7beb","c05c1e02-8e5d-59ab-a7a4-671807a11a5a","5101521c-ba6c-58d4-a599-27cbb6a46eb1","연두부","1","개","false",
"26f456bd-1f6e-5217-a05c-80ef6b64f8e9","c05c1e02-8e5d-59ab-a7a4-671807a11a5a","71a92339-42db-5de8-aa16-ce1e983bfb53","간장","1",,"false",
"c767c7cd-4170-5096-a941-a7273a5c4743","c05c1e02-8e5d-59ab-a7a4-671807a11a5a","74e75ad3-e6fd-50c5-ab10-bd85837d7a71","대파","1","개","false",
"31c7ddc7-9742-5adb-a97d-9457d2f1de4c","c05c1e02-8e5d-59ab-a7a4-671807a11a5a","220d2350-548c-52b1-aa81-656884b53f58","참기름","1",,"false",
"044d1cc0-e8fe-56a7-a865-980042b75674","33f3d243-2480-5db8-aab6-0e8c7d56820f","d4e51103-c9d5-5026-a7df-df32e912c017","식빵","1","개","false",
"4874cc82-b164-5587-a028-4731b5e4f70d","33f3d243-2480-5db8-aab6-0e8c7d56820f","30cc7b27-5e6a-5e10-a356-466a23c15d59","아보카도","1","개","false",
"16f6c967-fe47-5634-af64-7c2d7ed00cab","33f3d243-2480-5db8-aab6-0e8c7d56820f","73de1c78-34f5-5bf8-a3ef-2052107a7860","달걀","1",,"false",
"1d353b65-fc9d-5718-a143-41ced35778da","33f3d243-2480-5db8-aab6-0e8c7d56820f","53b23418-40cf-5c35-ac58-0c0178bd4888","소금","1",,"false",
